phrase,skill
irex yerevan,0
training,0
testing,0
yerevan-brussels-boston,0
oil,0
chat/dating/games community,0
graphic designer start date/ time,0
voip technologies specialist location,0
photoshop,1
administrator,1
pocket,0
notified,0
apache/tomcat,1
web application interface,1
hw/sw,1
agricultural academy,0
client/server Internet systems,0
related/,0
lef/def gdsii,0
equipment non-acceptance act,0
provide,0
opportunities,0
understand,0
DFY,1
senior software developer,0
mathematics,0
software engineer location,0
rtti,0
systems administrator start date/ time,0
audit manager term,0
zentex.am,0
c++ lead developer announcement code,0
dhcp,1
corel,1
sayat nova avenue yerevan 0001,0
developers announcement code,0
discoverer,0
developers team leader term,0
scientists location,0
web developers,0
approaches,0
irex 29,0
microsoft sql server,1
dfy,0
cdrw,0
coca-cola hbc armenia title,0
Java,1
vacancies announcements,0
LAN equipment,0
ngos,1
arwest communications narrowband point-to-point,0
sada systems,0
aspx,1
win 2003,1
development initiatives,0
xml public specifications,0
Sep-06,0
microsoft iis,1
gof,0
economical background,0
databases,1
UNIX platforms,1
wan,0
koan technologies armenian branch title,0
cement,0
Oct-06,0
evaluation team,0
designer location,0
mscrm,0
PCs,1
development llc,0
soap,1
xsl,1
HTML/ PHP/ MySQL technologies,1
win2k,1
macromedia flash,1
mechanical manufacturing,0
booz allen hamilton,0
system administrator,0
solid,0
Unix Systems/ Network Administration,1
enterprise applications,0
#NAME?,0
Fluency,0
user groups,0
oracle 9,1
lan,1
ASP,1
position,0
economic regulation program title,0
Abovyan Street Rooms,0
msde,0
component,0
kb,0
electronics engineering,0
windows 2000,1
technical support specialist,0
water cadastre,0
ra,0
manage,0
acceleration,0
system administrator/ software engineer term,0
safari,0
MS Office software,1
grant thornton amyot title,0
ado remuneration/ salary,0
PHP/My SQL,1
html/xhtml,1
production supervisor,0
strong artistic,0
code,0
Means,1
master's degree,0
duties,0
ms power point,1
ORACLE,1
ef yerevan,0
help/,0
related,0
reconstruction,0
srnetdev start date/ time,0
simon vratsyan street,0
functional business requirements,0
karart cjsc,0
database administrator position location,0
grinding,0
SQL,1
sip radius,0
economic reform program,0
poss,0
bea weblogic,0
unix/linux,1
developer 1,0
graphic user interface,1
altysoft,0
TogetherJ,1
redinet cjsc title,0
quality assurance processes,0
us,0
international gold company,0
w3c,1
ihi,0
general,0
MS Windows environment,1
linux/unix,1
equivalent university degree,0
heat treating,0
designer open to/ eligibility criteria,0
HTML/XML,1
inegrated circtuits,1
groov,1
rhinoceros,0
imex group co. ltd title,0
Health,0
considered,0
ccnp,0
formal presentations,0
quantify,0
implement,0
bank,0
altacode,0
agribusiness lending,0
qa-department,0
mscs,1
gp,0
child development planning,0
design center,0
support engineer term,0
cit ltd.,0
pop,0
teamwork skills,0
old man,0
un house,0
configuring software,0
windows ce,0
means,0
browser,0
web server,0
local levels,1
dom,1
cjsc title,0
meet deadlines,0
office administrative manager,0
computer sciences/ electronic,0
software developers start date/ time,0
septmeber 2006,0
specialist,0
ibm web sphere,1
apg cyprus,0
equivalent,0
java servlet containers,0
go!,1
awt,1
security,0
MS Office environment,1
design,0
object-relational database concepts,1
stl,0
quality,0
system and/or business analysis,0
BSc,0
MS SharePoint Cloud,1
thebat,1
electronic/ software engineer term,0
fiu,0
software developer position location,0
sef international universal credit organization ltd,0
db,1
applets,1
candidate,0
pocket pcs,0
proxy/firewall technology,1
rights center,0
areximbank,0
frameworks,0
com,0
fluency,0
c/c++ software engineer term,1
primary healthcare,0
human rights law,0
vdi,1
enterprise,0
vazgen sarkisyan str,0
cjsc,0
war,0
coca,0
computer science/information system,1
mySQL,1
Graphical,0
rf,0
Good skills,0
careercenter.am website,0
lg022,0
java architect/ java senior developer announcement code,0
open,0
systems administrator,0
microsoft sql server 2000,1
1-3 years,0
CMMI,1
bs / ms,0
T-Shell,1
Relies,0
20-30 years,0
stated,0
web designer/ developer term,0
iom armenia,0
sql 2000,1
developing,0
products Oracle,1
Banking,0
production design,1
Finacle,1
BEA WebLogic,1
Acquaintance,0
SKILLS/KNOWLEDGE,0
C-Shell,1
companys,0
implementation throughout different projects,0
vaw,0
welding,0
handle,0
embedit test,0
Special Know-hows,0
oledb,0
voipshop telecommunications inc.,0
business forecast,1
provided,0
chamber,0
anti-trafficking component,0
web developer duration,0
voipshop telecommunications inc,0
Civil,0
node.js,1
armenia location,0
candidates,0
ltd job title,0
high sense,0
demographic data,0
Operating Systems,1
assurance engineer start date/ time,0
eclipse,1
tech llc,0
optimization,0
on/with law enforcement,0
support specialist,0
Java2 Enterprise,1
wans,1
academic,0
Russian languages,0
visual c++,1
teams,0
please,0
sharjah,0
enquiries.yerevan @,0
SyBase databases,1
quality assurance teams,0
caucasus research resource center,0
fca,0
Armenian,0
assembly,1
introduce,0
Exchange,1
computer revolving scheme,1
deny,0
game programmer,0
ms. anahit sargsyan,0
ip telephony,0
script,1
technical support via e-mail,0
web designer/ developer duration,0
software developer location,0
Jul-04,0
engineer term,0
arcgis,0
disaster recovery strategy,0
java programmer announcement code,0
web programmer application,1
various types,0
term location,0
web developer,1
database administrator,0
systems llc title,0
self,0
ms word,1
information security,1
web site design,1
voip administrator term,0
studio,1
oop,1
jsp/java developer,0
distributed file system,1
ftp,1
unix/ linux servers,1
coding standards,0
metals,0
java developers announcement code,0
photoshop cs,1
intermediate software engineer announcement code,0
documentation,0
remote installation services,0
plastic card technical specialist,0
dvd,0
object extensions,1
routing,0
log4j Means,1
education projects,0
nt 4,0
by-laws regulating activity,0
c-sharp,1
ya,0
synopsys international ltd.,0
selection process,0
phd,0
act,1
bs,0
documents,0
special attention,0
Jun-05,0
gtmc,0
exchange 2000,0
macromedia fireworks,1
assurance specialist announcement code,0
gateway llc title,0
scala,1
shushan asatryan,0
english,0
Systems,0
rras,0
caucasus,0
swing,1
windows xp,1
basic HTML,1
com/atl,0
er-win,1
software developer start date/ time,0
graphical designer,0
ergonomic,0
cs/ee,0
web site security,1
social,0
zenteq title,0
photopaint,0
intelligence unit,0
gas sector,0
February,0
judgement,0
TCP/IP,1
sheet metal forming,0
t-sql,1
SQL Server,1
lycos billing platform,0
additional,0
armenia description,0
java developer location,0
vancouver,0
passport,0
java senior software developer start date/ time,0
windows 2003,1
Novell,0
Biochemistry,0
analyst/ project developer term,0
pd_sse_0001 location,0
borland delphi,0
excel,1
farmers groups,0
usd+ bonus,0
contact information,0
Pearl,1
capacity,0
designer,0
lan management,0
large development teams,0
firmplace corporation yeravan branch title,0
globalsoft title,0
Advanced Server,0
credit committee,0
irex websites,0
desirable Oracle9i Application Server,1
basic software developer start date/ time,0
gig computers,0
Personal qualities,1
shell,1
Good mathematical background,0
magazine ads,0
thomas twining,0
purecoverage,0
primary health care,0
public sector planning,1
ms windows os family,1
software developer c++/ c,0
Windows platform technologies,1
beans,1
finance specific,0
cqg,0
office manager/clerp,1
project manager mr. sedrak mkrtchyan,0
j,1
team,0
exchanges board,0
relocation,0
Complete,0
produce,0
yerevan tel,0
computer hardware engineer/ system administrator term,0
quality assurance,0
projects,0
hibernate,1
imex group co. ltd.,0
UNICODE,0
anti-trafficking project,0
established,0
july,0
interaction,0
selenium,1
brandy company job title,0
CHARACTERISTICS,0
lvfh / apg title,0
DevOps,1
dhs,0
AJAX,1
use,0
mechanical components,0
ids,1
systrotech llc title,0
MS Windows,1
threading,0
advanced java developer,0
consultation,0
threat assessment,1
moskovyan,0
world,0
law enforcement/legal aspects,0
strong interpersonal skills,0
ms windows,1
required qualifications,0
armentel jv,0
vb.net/ c,1
asp/php,1
solve,0
asp.net web services,1
VB6,1
armine bibilyan,0
ansi/iso,1
backup etc,0
JAVA,1
software developers,0
spain,0
c++ software developer term,0
Software,0
windows mobile ce,0
matlab,1
term,0
Quantify,1
restore,0
php/asp,1
java tester term,0
competencies,0
msee,0
sic,1
abelyan st.,0
html/ css,1
Full software development life-cycle,1
Development environment,0
jndi,1
pcb,0
attached application form via e-mail tocrrc @,0
lg017,0
troubleshoot,0
educational background,0
intertel title,0
object oriented design,1
pdf,0
client TheBat,1
dns,0
java web,1
systems administrator duration,0
cover letter,0
configure,0
apt 33,0
DHS data,1
architected,0
spoken English,0
information integration group,0
matit studio title,0
paper mill industries,0
native armenian,0
vested development inc.,0
usa job description,0
credit,0
website,0
soap/ web services,1
armenia school connectivity program,1
java/c++ backend developers start date/ time,0
web-architecture,1
asap,0
adobe graphic suite,0
JSR168,0
attachments,0
minor hardware repairs,0
sdlserver,1
appl.servers,1
apg enterprises ltd,0
object,1
programmer open to/ eligibility criteria,0
start date/ time,0
accept,0
solid software,0
good communication skills,1
lycos servises,0
international conventions,0
degree,0
ms sql 2000/2005,1
wireless LANs,1
ameria cjsc title,0
draw,0
cop,0
building support,0
family medicine,0
novell,0
dg contact,0
plastic,0
creativity,1
kms,0
armenian card processing centre,0
armentel,0
document designer location,0
Provide,0
flash active,0
cadence virtuoso,0
off-shore development teams,0
MySQL,1
qa engineer,0
recruitment company title,0
php/html/javascript,1
miasnikyan,0
directory,0
usa,0
analysis services,0
shopping,0
j2ee,1
printing processes,0
senior developer start date/ time,0
gross,0
implementing,0
dg portfolio manager/ human rights program officer,0
Computer,0
state water cadastre information system,0
management,0
enerpac exclusive representation,0
residential heating project,0
inc./ armenia title,0
perfect,0
Computer Science/Information System,0
Apache,1
balance,0
ADSI,0
practical,0
financial product development,1
state fund,0
professional,0
education quality,0
administration,0
brandy company cjsc title,0
armenia e-mail,0
mechanical design department,0
eda,1
save,0
window,0
career center title,0
dg portfolio manager/ hr program officer,0
fluent,0
men,0
ca,0
Experience/knowledge,0
ms. zara shahinyan,0
xslt/ rss,1
itil,0
database developer location,0
Microsoft SQL Server,1
qa,1
isps,0
assurance specialist start date/ time,0
ie6,0
united states department,0
java2 enterprise,1
arm soft,0
network,1
java professionals duration,0
monitoring,1
html specialist announcement code,0
records,0
thinking,0
redhat linux,1
fadf director,0
announcement,0
rh/mch,0
agriculture credit specialist,0
flash actionscript,0
Republic,0
quark xpress,1
tcp/ip routing,1
illustrator quark express,0
work-book,0
combating terrorist financing,0
DEF,1
support specialist start date/ time,0
asp.net 1.1,1
bs/ms,0
zentex.am job title,0
census bureau,0
computer sciences,0
associate,0
Win32 API,1
altacode ltd,0
linux/ unix,1
basic senior software developer start date/ time,0
international recommendations,0
cascade bank cjsc,0
hardware security systems,0
standards,0
layout,0
HTML/XML/CSS/JavaScript,1
problem-solving skills,1
flash action scripting programmer start date/ time,0
project management,0
kspe,0
competitive armenian private sector,0
fireworks,0
university foundation,0
Corel,1
new age trust corporation title,0
radio/micro electronic,0
servlet,0
designers/ technical specialists,0
law enforcement bodies,0
lg007,0
writing,0
coffeescript,1
ccie,0
test-,0
hpla,0
formal design notations,0
a.vardapetyan please,0
apply,0
transact sql,1
ms exchange 2003,1
survey,0
user administration,1
planning,1
web database,0
primary,0
database applications,1
web developer/ programmer start date/ time,0
css,1
sos-family,0
search engine optimization specialists announcement code,0
JSP,1
methodologies,0
object-oriented design,0
senior rf engineer,0
ipop3,1
Liferay,1
problem solving,1
JMS,1
solaris/ linux,0
kimbara entertainment software company,0
media,0
lan/wan,1
MAC OS,1
k. liebknecht st.,0
enterprise-class system architecture,1
/ sql,1
sponsored,0
admin,0
k-telecom cjsc title,0
utp-cat5,0
initiative,0
anahit krishchyan,0
sense,0
human resources management,0
secondary education,0
Unix shell,1
MVC,1
dhtml / javascript,1
programming,1
ldms,0
heifer caucasus regional program,0
crystal reports/ sql,0
batumi,0
wireless network embedded software term,1
data analysis,1
system administration,1
agriculture credit associations,0
JSP,1
senior software developer start date/ time,0
reintegration,0
quick,0
web portal,0
photoshop graphics web designer,0
xslt,1
Dec-06,0
gmeter,0
specified,0
developer,0
metacortex title,0
jdk,1
oracle database assistant administrator start date/ time,0
microsoft office trainer / teacher location,0
paris,0
network administrator position location,0
usaids commercial law,0
object oriented,1
jsp 1.1,1
leda design,1
desired skills,0
Tomcat,1
remedy ar system 5.x/6.x,0
law,0
xmlrpc/ jsonrpc/ soap,0
Spring,1
usaid water resources management program,0
inecobank cjsc title,0
Jun-06,0
ameria cjsc,0
cascade bank cjsc title,0
web services development,1
project nova,0
imageready,0
sada systems title,0
hr management department,0
laser printers,0
undp project,0
maven,1
basic.net,1
er-diagrams,1
sql server,1
corel dra,0
common tasks,0
impeva labs title,0
armenia 375025,0
required skills/knowledge,0
websoft technologies,0
preferred,0
Friday,0
tcl/tk,0
verbal communication skills,1
integrated approaches,0
MS Access,1
.net senior developer/ architect announcement code,0
lycos,0
ms front page,1
MAPI,1
fortune 500,0
PDA,1
oriented personality,0
mumbai,0
harmony armenia title,0
sun j2ee patterns,1
ado.net,1
vb/ vba/ sql,1
commerce department,0
Complex HTML GUI,0
db core,1
intellij,1
synergy international systems,0
web,1
deploy,0
credit bureau,0
system/ network administrator location,0
windows server/workstation,1
tftp,1
php programmer,0
medical insurance,0
Credit Bureau,0
ANSI SQL standards,1
REQUIRED QUALIFICATIONS,0
Portal,1
java announcement code,0
java-script,1
software engineer java/dbms term,0
java/rdbms orm,1
become,0
optimization problems,0
English languages,0
software design,1
vbscript,1
lvfh,0
databases applications,0
credit manager location,0
C++ desireable,1
datawarehouse,1
Organizational Systems,0
undertake,0
depend,0
monitor,0
setting,0
programming,0
p. adamian street,0
International Programs Center,1
com/dcom,0
results,0
atl,1
GRASP,1
upgrades,0
communications job title,0
xml/ xsl,1
programmer position location,0
mac,0
linux operative,1
india,0
dts,1
used,0
php application procedures,0
web/print,0
support specialist term,0
armentel title,0
Demographic analysis,1
country director,0
Jul-06,0
Servers,1
Illustrator Quark Express,1
sql professionals,1
imap,1
Enterprise Edition,0
storage,0
armenian agricultural academy,0
financial laws,0
integrien international,0
Word,1
enough,0
oodb,0
cm,0
lead developer,0
customer support specialist location,0
english remuneration/ salary,0
macromedia flash mx application procedures,1
h/she,0
proven,0
bearingpoint,0
java/c++ developer,1
asp,1
field/ Bachelor,0
victims assistance,0
software developer duration,0
amd+,0
microsoft visual,1
enterprise server,1
started,0
Adobe PhotoShop,1
remedy,0
personnel management division,0
distributed,0
ip,0
g.u.i,0
yerevan state university,0
balasanyan design bureau,0
business,0
solaris 9,1
linkgard systems,0
cultural affairs,0
Desired,0
transport,0
basics,0
web performance,1
cascade capital holdings cjsc,0
pda,0
Quark Xpress,1
board,0
labor,0
service,0
sytek developer sl title,0
rdbmss,1
illustrator,0
he/,0
cv-s,1
java senior developer / architect announcement code,0
object oriented programming,1
synopsys inc,0
intended,0
JavaMail,1
msc,0
Share Point 2007,1
kpmg international,0
arqell cjsc title,0
service platforms team,0
seo,1
intermediate java developers announcement code,0
leader,0
caps/foa/05-03,0
submit,0
coldfusion,0
remedy ars,0
studio team system,0
Angular JS 2.0,1
initiate,0
MS Power Point,1
metakortex cjsc title,0
antivirus,0
pl/ sql,1
sought,0
database management systems administration,0
armex lan,0
narsan llc title,0
asp.net software developers term,0
May-06,0
smart tech llc,0
invited,0
Good communication,0
yerevan 0019,0
broncoway,0
BS/MS,0
computer design tools,0
masters degree,0
projection software,1
postgraduate,0
gis,0
communication technology,0
DHTML,1
uml,1
java-developer,0
usd 300.00,0
emacs lisp,1
flash action scripting programmer/ html coder term,0
vb,1
public organizations,0
database architect location,0
viasphere technopark title,0
project manager,0
XP installation,0
financial activity,0
evening,0
database programmer term,0
aua center,0
finance/insurance,0
Informix,1
website moderator assistant term,0
winforms,1
organized,0
ood/oop,1
reference,0
scdm llc,0
usd application procedures,0
start date,0
software engineers term,0
human resources department,0
High GPA,1
ancnak_cba.doc,0
MS SQL Server,1
mourad mouradian,0
database software development,1
budgets Capacity,0
write unix,0
visual basic,1
migration,0
soc,0
lunch,0
ms,1
oracle 9.1,1
Attention,0
ra tel,0
synopsys armenia cjsc title,0
ms excel,1
Programming,0
Office software,1
matit studio,1
using,0
Initiative,0
linkgard systems llc,0
effects,1
Team player,1
plastic card technical specialist location,0
health survey,0
Windows XP,1
Machine Learning,1
eeprom,0
languages,1
Individuals,0
ukraine job description,0
inc./armenia job title,0
alias maya,0
children,0
advanced Microsoft Technologies,1
JBOSS,1
United Nations,0
software engineers,0
lycos armenia,0
armenia attn,0
desktop application developers,0
network elements,0
developer 2,0
prepare,0
Jan-05,0
counting,0
runsign,1
world bank,0
crm,1
business planning,1
windows xp/nt/2000,1
Oct-05,0
contract location,0
us department,0
apg enterprises,0
client/server systems,1
roles,0
klin,0
University degree,0
armenian development foundation,0
ACRA Credit Bureau,0
database management,1
k-telecom,0
sytek developer sl,0
Internet,1
steel,0
Outlook Object Model,1
remuneration/ salary,0
soap/xml,1
qualifications,0
write,0
Sep-04,0
dreamweaver,0
permission,0
JTA,1
ui,1
web designer/ developer location,0
SME development,0
soft llc,0
ad,0
manufacturability,0
distributed application architectures,1
center,0
ipchains,0
impeva labs cjsc title,0
jms,1
scdm llc title,0
civil,0
ref,0
answer,0
software developer/ programmer term,0
art,0
Master degree,0
dn01a location,0
Hardware support,0
software ui standards,0
automated tests location,0
interpersonal,0
nfs,1
DB management tools,1
communications skills,0
gtersloh/germany,0
HTML,1
support,0
#NAME?,0
Career Center,0
census,0
search engine optimization group,0
Masters,0
and/or,0
clearly,0
ahdc,0
jsp/java,1
lycos mail announcement code,0
cafesjyan family foundation,0
Finance,0
systems manager,0
school,0
Linux,1
program,0
stored procedures,1
qa engineer term,0
uhf,0
MS Word,1
adobe,1
Accounting,0
mass media,0
odyssee productions,0
yerevan 375009,0
ipfw,0
web coder,0
corel draw,0
lucene,0
russian,0
.net developer announcement code,0
computer,0
mcp,0
commitment,0
management officer,0
EDA tools,0
qa engineers,0
pashtonakan teghekagir cjsc title,0
monitoring,0
cch wan,0
final week,0
accept employment agency title,0
digital design engineer intended audience,0
detail drawings,1
accepted,0
human resources department please,0
macromedia dreamweaver mx,0
jakarta struts,0
credit specialist,0
Sybase ASA,0
java jdo,1
agribusinesses,0
agile,1
LAN,1
tanger recruitment company title,0
web programmer open to/ eligibility criteria,0
communication skills,1
c/c++ software developers start date/ time,0
J2EE,1
quality assurance engineer term,0
seligent,0
donor activities,0
mfa web designers,0
encouraged,0
years,0
international partners,0
fulfilled,0
charles convent please,0
Thanks,0
websphere,1
association,0
pedagogical adviser open to/ eligibility criteria,0
Macromedia Family,1
windows systems/network administration,0
alek manookian str,0
additional characteristics,0
Discoverer,0
java servlets,1
publications,0
common,0
c/c++ developers,0
tigran matevosyan,0
technologies,0
victims assistance start date/ time,0
junior java developer term,0
programmer term,0
analytical products,0
analyze,0
curriculum vitae,0
Aug-06,0
village merdzavan,0
Software design,1
sqa,1
subnets,0
armentel jv cjsc title,0
objective c,1
JScript,1
utility,1
rac,0
irex armenia title,0
issues,0
university,0
BS / MS,0
multiple tasks,0
applied sciences,0
flash programmer,0
esoft llc,0
knoledge,0
ics,0
Effective communication skills,0
mfa,1
asp .net,1
responsibilities,0
developers start date/ time,0
offered,0
distributed,0
u.s.,0
developer announcement code,0
armenia title,0
def,0
armenia de-mining project,0
administrative reports,1
pom,0
engaged,0
Yield,0
irex,0
mail,0
Object Oriented Programming,1
windows,1
imex group co. ltd,0
amd application procedures,0
fordilling,0
administration,1
Jan-00,0
forte,1
ell,0
following,1
plain,0
create,0
jboss,1
new skills,0
developer term,0
LAN servers,1
educational,0
cqg title,0
integration process,0
senior software engineer,0
member,0
armenia holdings inc.,0
databases,1
teamwork,1
ms sql server application procedures,1
ministries,0
dot net,1
application letter,0
ms iis,1
take,0
fields,0
workstations administration,0
abm soft prof ltd,0
unix administrator location,0
zang armenian legal socialization project,0
revision control,0
CVS,1
armenia phone,0
smart units llc title,0
LEF,1
consumers,0
discipline,0
standard concepts,1
cit title,0
certified,0
bearingpoint title,0
military obligation,0
design data,1
analysis workshop duration,0
weblogic,1
microsoft web developer,1
ASP.NET,1
graphical,0
and/or management skills,1
armenia connectivity 2000,1
relevant training,0
un house security desk,0
adobe premier pro,1
hardware engineer/ system administrator,0
minimun 3,0
lease document management system,0
udfs,0
demo-versions,0
Solaris,1
school learning centers,0
microsoft certified solution developer,0
Electrical Engineering,0
purchase,0
ecdl,0
ss,0
fund,0
private sector market analysis,1
AML/CFT2,0
IIS,1
thereafter,0
capability,0
department,0
programmer start date/ time,0
Bachelors,0
webb fontaine holding,0
dom application,0
triggers,1
emerging markets group,0
seo director,0
junior developer start date/ time,0
armenia required qualifications,0
office manager,0
development c/c++,1
great britain,0
dms,0
Additional Characteristics,1
honesty,0
proxy/firewall,1
art school,0
python,1
add,0
intesys cjsc title,0
equipment transfer-acceptance act,0
boomerang software llc,0
isp,1
maintenance,1
microsoft visual basic,1
acra credit bureau,0
valletta ltd title,0
mail,0
lg019,0
evaluate,1
health systems analyst start date/ time,0
import,0
relevance project,0
.net developer term,0
carry,0
high tech company,0
php programmer announcement code,0
farm credit armenia,0
oracle administrator assistant start date/ time,0
ijevan,0
macromedia,0
Familiar,0
Oracle Lite,1
game developers,0
Orion,1
information technology specialist open to/ eligibility criteria,0
programmer announcement code,0
web applications,1
c++ developer announcement code,0
html,1
Systems administration,1
rosy blue,0
system administration procedures,0
Aug-04,0
Bash,1
mention,0
database programming,1
managing,0
web development,1
scada,0
win32 api,1
circuit design engineer term,0
seo specialist,0
ian cramman,0
javascript,1
asp.net/ c,1
computer graphic designer,0
ms windows 2003,0
iig title,0
order,0
data,0
administrate,0
Demographers,1
MSSQL,1
php,1
water management,0
Database,1
siebel,0
keeps,0
LAN administration,1
administrating,0
caucasus regional,0
point-to-multipoint,0
handled,0
national population projections,0
cv,0
CV,0
speaking,0
rup,0
hr associate,0
nairisoft inc,0
photo,0
programmer/ project developer announcement code,0
/ c++ software developer term,0
togetherj,0
p. adamyan str,0
fair,1
jmeter,0
polytechnics,0
mysql innodb,1
protection systems,1
location,0
multiple priorities,0
Good speaking,0
amd +,1
armeconombank title,0
html/xml,1
wood treatment,0
yerevan branch title,0
delphi programmer announcement code,0
undp resident representative,0
rural lending,0
ic cad,0
khorenatsi,0
Diligence,0
grant thornton international,0
php/ mysql,1
irex armenia 29,0
unix systems administrators,0
srpms,1
please,0
undp armenia country office,0
various SQL versions,1
damaris title,0
high school grades,0
processing,0
Illustrator,0
programs,0
studio .net,1
math/geometry,0
jsp-java servlets,1
international organizations,0
server developer location,0
Kachgrind,1
message queuing,0
acl,0
selected,0
address,0
tuning,1
j2ee software engineer/ developer term,0
hspice,0
reactive security,1
wireless,0
delphi 6,0
quality assurance engineer announcement code,0
6-7 years,0
Feb-06,0
server 2003,1
write,0
ms visualc++,1
deliver,0
workflow,0
ris,0
current industry technologies,1
Basic English language skills,1
data base management systems,1
ajax,1
appropriate,0
korioun st.,0
shushan,0
Population projections,1
united states,0
automatic system administration work,0
southtech consulting,0
operating office equipment,0
intel pentium pcs,0
cisco,1
icdl,0
Basic communication skills,1
version 7,1
APPLICATION DEADLINE,0
ICQ,1
web designer/developer,0
web services,1
letters,0
Postgres,1
microsoft applications,1
market,0
desired,1
masters,0
lg-005,1
inc. synergy,0
crystal reports,1
ltd title,0
jni,1
interpret,0
tbd application procedures,0
quickreports,0
Excel,1
italy,0
training classes,0
itdc,0
organizational systems,0
asp/asp.net developer location,0
limush printing house,0
verbal communications skills,0
netmen ltd. job title,0
Macromedia suite,1
graphic software,1
thomas twining llc title,0
development skills,0
resume,0
JUnit,1
MS Visual Basic,1
oracle database,1
flash action scripting programmer,0
asp.net c,1
amd,0
graphic,1
create,0
sax,1
physical design automation,0
security processes,1
asap location,0
law/courtroom procedures,0
firewall systems,1
design software engineer start date/ time,0
baghramyan avenue,0
russia job description,0
ms. aida ghazaryan,0
OS security concepts,1
reproductive health,0
EDA,1
html/ php/ mysql,1
unix/linux system administration,1
ms. ani chibukhchyan e-mail,0
programming within web applications,0
imsma,0
proxy,0
iis,0
travel,0
Participants,0
mx llc title,1
c++,1
web master,0
application form,0
networking tcp/ ip,1
web designer/ developer,0
agricultures,0
basic java,1
credit specialist start date/ time,0
oral,0
mfc,1
prime,0
DHS,1
windows nt/2000/xp,1
vhs,0
html/dhtml,1
Networking TCP/ IP technologies,1
Log4j,1
dc,0
ms. anahit sargsyan office manager synergy international systems,0
undp,0
complemented,0
proficient,0
web developer/ programmer,1
database administrator term,0
graphics,0
java developer term,0
html programmers / english,1
personnel,0
macromedia freehand,0
deputy chief,0
law enforcement agencies,0
makefiles,0
web services specifications,0
yerevan 375001,0
swift,1
micsrosoft sql server 2000,1
b2b,0
Apache web server,1
jewelry manufacturing technical specialist location,0
health,0
Object Oriented MS Windows C++ development,1
usd + bonus,0
he/she,0
mp,0
accounting,0
maintaining,0
Beginners,0
IBM Portal Server,1
ccna,0
computers,0
experimental llc title,0
retrieval solutions,0
.net senior developer / architect announcement code,0
IBM Web Sphere,1
agreement,0
automatic phone station panasonic,0
lg020,0
formal software development,0
java developer announcement code,0
data base software junior engineer start date/ time,0
architecture,0
javaxq,0
General education,0
vital statistics data,0
technical education,0
vb/ vba,1
lycos europe,0
it/ database specialist start date/ time,0
artistic,0
technical documentation,1
software engineers java,0
accept emloyment agency,0
barents group llc,0
Net,1
emerging,0
software developer 2,0
applied mechanics,0
hardware,0
gis/ spatial databases/ postgis,0
trade house euroset,0
qualified,0
hylink jsc title,0
united arab emirates job description,0
TCP/IP protocol,1
server,0
organizational skills,1
web developer location,0
Feb-05,0
action script,1
lit consulting,0
bachelor,0
automation,1
marketing assistance project,0
studio max,1
Apache Tomcat,1
python,1
vector,0
prepared work,0
technician/electronic hardware specialist,0
website content manager,0
metal,0
inventory,1
announcement title,0
java development,1
ethical,0
credit manager,0
supervised,0
chief,0
mbr,0
attractive,0
client-side Java Script/HTML/XML,1
oo,1
vhf,0
metacortex,0
author,0
ltd.,0
modeling,1
soft llc title,0
silicon canvas laker,0
Computer graphics,1
English language,1
visiquest,0
web-based applications,1
eurasia foundation representative office,0
java senior developer/ architect announcement code,0
MySQL programming languages,1
united kingdom,0
dbms,1
ahtc,0
national water program,0
ani.chibukhchyan,0
information technology,0
eu/tacis,0
vb software developer,0
system integration tools,1
computer modeling,1
Ant,1
ide,0
Web Services,1
software developer/ lead developer announcement code,0
frisk,0
com-to-.net,1
chemonics international inc,0
saryan st. 2,0
Administrating,0
desired,0
webb fontaine holding sa,0
development work,0
examples,0
enhancements,0
large systems,0
related fields,1
premiere pro,1
coordinate,0
kpmg moscow office,0
sql professional open to/ eligibility criteria,0
askell,1
areximbank cjsc title,0
odbc,1
local area network,0
irex-,0
days,0
REST,1
Dec-05,0
party,0
olympia group,0
glandale,0
kdb,1
solution developer/ project manager start date/ time,0
facility,0
technical literature,1
mozilla,0
case,0
new products,0
MFC,0
servers,0
JavaScript,1
fastreports,0
technician/ electronic hardware specialist term,0
Labor,0
unix systems admin_arm.doc,0
Central Bank by-laws,0
development alternatives,0
budgets,0
Working,0
allaire homesite,1
europe,0
database development,1
redhat rpms,1
make,0
Resin,1
time,0
J2EE development,1
television,0
problems,0
kpmg,0
repair,0
ms sql server 2000,1
developers team leader,0
degree within graphics,0
armex,0
georgian,0
flash mx,1
child health,0
machining,0
arwest communications,0
area network administration,0
c/c++ software developer announcement code,0
february 20th,0
adobe aftereffects,1
unicad,1
discuss,0
umcor armenia title,0
PLSQL,1
no.4/ adtech,0
mvc,1
Minimum,0
french,0
apache +,1
UNDP,0
child admission procedure,0
unix systems,1
macromedia flash mx 2004,1
visual basic 6,1
network administrator location,0
mssql,1
identify,0
heifer international,0
graphic designer,0
Oracle9i Application Server,1
chemonics,0
donor,0
media documentary,0
Applied Mathematics,0
netherlands,0
microsoft visual studio 2003/2005,1
loan,0
COM/ATL,0
karapetyanner,0
C++,1
biztalk,0
application_arm .zip,0
servlets,1
jQuery,1
grants,0
Yerevan,0
boomerang,0
cit ltd. job title,0
prefer,0
java/web,1
automated administration,0
Database Management Systems,1
database programmer,0
ibm,1
uddi,0
mvc/ struts,1
products art design,0
.NET,1
terminal services,0
farm,0
massachusetts,0
windows 2000/windows,1
senior software engineers,0
max MSP,1
Java programming language,1
developers position location,0
EU/TACIS,0
caps,0
operation,0
hr,0
vba,1
lg011,0
programmer location,0
oracle database administrator location,0
firmplace corporation title,0
C++/Visual C++,1
information management system,0
python developers,0
latitute,0
silicon valley,0
test developer location,0
automated test department location,0
Python,1
design patterns,0
web site application deployment,1
designers,0
week LOCATION,0
performance,0
ic design,0
flash active scripring,1
community health care department umcor-armenia 14,0
#NAME?,0
postgresql servers,0
letter,0
advanced html,1
systems components,0
TCL,1
struts,1
pos terminal,0
tcp/ ip,0
ole,0
survey results,0
llc,0
pragma corporation title,0
web databases,0
computer science/electronic engineer,0
follows,0
diploma,0
applied math,0
vazgen sarkissyan,0
madrid,0
fundamental data modeling rules,1
office programs,0
epygi labs technical support,0
flash active scripting programmer location,0
Russian,0
armenia school connectivity programs,0
software development manager announcement code,0
software developer,0
designer term,0
routers,1
administrative manager,0
plastic cards technical specialist,0
idl,1
coffee breaks,0
Database design,1
core skills,1
shell scripts,1
read,0
office productivity applications maintenance,1
needed,0
contacted,0
remedy mid-tier,0
reusable software components,1
n/a job responsibilities,0
program-in-chief,0
mid january location,0
profound,0
MS Office,1
quicken,0
system development,1
bc,0
cad,1
db programmer term,0
remoting,1
georgia job description,0
XML,1
graphic designer announcement code,0
quark,0
DB2,1
globalsoft,0
kotaik,0
enterprise edition,0
strategic result framework,0
hardware service,0
website/ network administrator start date/ time,0
sun,1
asp.net/c,1
compiling,0
state tax service,0
entities,0
php developer term,0
nairy jivanian,0
PureCoverage,1
dai,0
indesign cs,0
scanners,0
intermediate,0
visit,0
mid-level professionals,0
developer location,0
network,1
clearquest,0
website content manager location,0
sunday,0
layout design engineer,0
starting,0
quarkxpress,1
Basic Java packages,1
good,0
technical specifications,1
provide,0
window operating systems,1
mapi,0
conditions,0
lef,0
database development specialist location,0
digital design engineer,0
eurasia foundation 4,0
software engineer / senior software engineer start date/ time,0
design department,0
java/php,1
assembly,0
ceo,0
administering,1
network administrator announcement code,0
christine bessalian,0
java web development,1
mcsa,0
maintain,0
php/mysql data,1
job,0
websoft technologies title,0
xhtml,1
jsp/servlets/,1
research works,0
bash,1
software systems,0
complex database systems,1
tamara zakaryan,0
Java Script,1
sw ui,0
dream viewer,1
credit armenia title,0
SOAP,1
candidates,0
time intended audience,0
project associate,0
apply,0
diagnostics methods,1
industrial technologies co,0
Transact SQL,1
development,0
admin,0
COURSE OVERVIEW,0
intranet management,1
transcript,0
asp/ mssql,1
iig llc,0
united states agency,0
tomcat/jboss,1
Rational ClearCase,1
visiquest software system,0
voice ip network ltd title,0
J2EE,1
wml,1
database manager location,0
server technologies,1
Extended,0
large Web systems,1
click web design llc title,0
boomerang software llc title,0
computer sciences/ software engineering,0
export,0
projections,0
supervising,0
hours,0
foreign ministry,0
info,0
aptitude,0
arts,0
linux administrator/ developer term,1
/sql server programmer open to/ eligibility criteria,0
singleton,1
cover,0
ms access,1
technical manager,0
sef,1
arahet development llc title,0
markets group title,0
scm,0
c++/stl,1
high-tech security solutions,0
ararat,0
abelyan str.,0
discharged,0
Economics,0
play,0
impeva labs,0
erp,0
dfs,0
e-mail,0
place,0
Eclipse,1
emg,0
visio java,1
Radio Engineering,0
RF design,1
united states census bureau,0
dbs,1
site performance,0
reading,0
World Bank,0
gained,0
france,0
web programmer/ coder term,0
lan/ wan,1
main,0
usaid rural reproductive health/maternal,0
website development,1
installing,0
rational,0
data base- sql,1
javascript,1
criminal intelligence software,0
servlet 2.2,1
scala,1
institute,0
male,0
Tools,1
announcement code,0
Macromedia Flash,0
Flash,1
Additional Qualifications,0
nairisoft,0
laws,0
smart units llc,0
education projects piu,0
lg012,0
translating,0
as400,1
government,0
data,0
macromedia dreamweaver,1
phcr,0
enterprise lending programme,0
web site application,0
windows active directory,0
Server,1
sql,1
audio,0
ms sql database developer start date/ time,0
advanced,0
abg title,0
web site maintenance,1
contact CRRC,0
tsql,1
linux/unix platforms,1
windows 9x/2000/xp,1
network specialists start date/ time,0
dsl internet,0
cell,0
procedures,1
electrical/computer engineering,0
java script,1
database development specialist,0
Statisticians,1
bsd,0
ASPX,1
Armenian languages,0
commerce,0
fill,0
iso 9002,0
design studio title,0
sos mothers,0
image/graphics,1
Potential candidates,0
woman,0
USAID,0
JBoss,1
jstl,1
c++,1
voip technologies specialist,0
minimum bachelor,0
architect location,0
integrien international yerevan branch title,0
coding,0
system,0
Sociology,0
umcor armenia,0
administer nt \ windows 2000,1
denmark,0
armenia tax improvement program,0
Electronic Design Automation,1
redinet cjsc,0
art sciences,0
corporate unix,0
technical procedures,0
Apache module,1
Jun-04,0
senior developer,0
get,0
ms. anahit sargsyan office manager,0
domains,0
home site,0
villages,0
LANs,1
Unix systems,1
acra @,0
webb fontaine armenia title,0
Visual Studio,1
boston,0
los angeles,0
CRRC,0
drc/ lvs,0
software development,0
freehand,0
c++/c,1
c++ builder,0
log4j,1
maintain,0
php trainer location,0
nork center,0
painting,0
atmailbox @,0
ood/ oop,0
html/xml/css/javascript,1
computer driving licence,0
java 2,1
release methodologies,0
arcgis 8.x/9.x,0
oracle app server,1
skills,0
senior qa engineer,0
progressive web design,1
linux os,1
arwest communications corp,0
esoft llc title,0
detail,0
possess,0
karapet ulnetsi yerevan,0
attention,0
click,0
flash action scripting 2.0,1
analytical report,0
quark express,0
balasanyan design bureau title,0
quickly,0
solution,0
junitee,1
graphics designer location,0
java programmer,0
practices,0
international computer driving licence,0
resource/ software development director location,0
ibm portal server,0
offshoresoft.de gmbh,0
Minimum Bachelor,0
semiconductor,0
c,1
abelyan street,0
ic circuit design engineer term,0
Development C/C++,1
Strong problem-solving,1
PHP,1
senior .net developer,0
analyse,0
Strong communication skills,1
javascript/ php software developer start date/ time,0
rdbms,1
hardware development,0
jsp/ servlets,1
expierence,0
adsi,0
systems,0
object oriented analysis/ design,1
aua center pbx,0
microsoft sql,1
mobile,0
mcsd,0
mis specialist,0
project team,0
personal registration,0
develops,1
yahoo,0
Demonstrated,0
canada,0
harmony,0
hdlc,1
mongodb,1
draw,0
marketing manager,0
health programs monitoring,1
detailed,0
EBRD,0
InterBase,1
applyed programming,1
lycos services,0
thanks,0
zenteq.am title,0
Education,0
High degree,0
Classes,0
Oracle Flexcube,1
strong ooa,0
according,0
intrahealth international,0
programming etc,0
bash,1
california,0
marzes,0
related field,0
unix systems administrator,0
ensure,0
management program attention,0
Enterprise,0
uae title,0
rosa karapetyan,0
cqgi title,0
northern ireland title,0
Caucasus Research Resource Center,1
Bachelor Degree,0
Georgian,0
dsl,0
cactus,1
kifato,0
network administrator term,0
database programmer location,0
takes,0
system security issues,0
preferred,0
UML,1
kre consulting,0
conducting,0
agrian-armenia,0
soa,0
database maintenance,1
saturday,0
e-mail,0
wolfram language,1
job,0
JBuilder,1
voip,0
grasp,0
duty,0
xerox,0
p.m november 15,0
course overview,0
modelling,0
swcif,0
abm soft prof ltd.,0
Computer Engineering,0
number one,0
Version Control,1
internet explorer,0
win 2000,1
software development team leader location,0
specialization,0
state,0
multi-task environment,1
either Java and/or C++,1
web-application,1
solid works,1
holland,0
skills,0
reports,0
mail server management,1
e-z-cad,0
and/or network administration,0
C++/C,1
bs/ms/phd,0
held,0
DHTML interfaces,1
c++/ c,1
senior java tester,0
including,0
tigran hayrapetyan,0
routing,1
microsoft,0
Microsoft office Suite,1
liana mikayelyan,0
Active Data Objects\ADO,1
unit,0
heating project,0
technical support,0
zenteq,0
external clients/stakeholders,0
cmos,0
tape backup,0
com/com+,1
hw/ sw,0
meghradzor,0
art studies,0
areximbank cjsc,0
qa manager,0
usda map,0
scripting tools,0
represent,0
studio.net,1
sml,1
arqell cjsc,0
agriculture credit specialist location,0
nat,0
tops bi,0
cv/ resume,0
techniques,1
village,0
telecommunications company,0
problem solving/ trouble,1
united nations development program,0
database architect/ developer term,0
tuesday,0
market developer location,0
jsps,1
salary,0
oracle9i/10g,1
year,0
synopsys armenia title,0
GoF,1
software engineers announcement code,0
jst/servlet,1
db-design,1
Purify,1
handle,0
basic,0
.am,0
vb/ sql,1
c/c++,1
medium business programs developer term,0
moscow,0
Mar-30,0
Applicants,0
inc.,0
gaming company,0
statisticians,0
collaboration data objects\cdo,1
Grant documents,0
learn,0
fax,0
cvs,0
apache,1
COM,0
Core Java,1
Perl,1
solidworks,0
portfolio,0
hibernate,1
B.S,0
techno music,0
professional journals,0
Adobe Family,1
Demographic,0
software development services,0
Practical knowledge/programming,1
human trafficking,0
india job description,0
software tester term,0
java/c++/php software developers start date/ time,0
oracle,1
jakarta tomcat,0
clerp,0
mozilla/ firefox,0
Must,0
gd,0
spl,0
lisa,0
head,0
radiation safety centre cjsc title,0
lg018,0
maximize,0
united nations,0
officer,0
social identification card,0
oral communication,1
diem allowances,0
Attentive,0
zeitun,0
RESTFull,1
loan approval committee,0
vagarshyan str.,0
core media support program chief,0
Armenia,0
lans,1
bachelor degree,0
photoshop graphic web designer location,0
systems administrator_arm.doc,0
Java development,1
dart enterprise,0
thorough personality,0
develop,0
irex europe,0
and/or implementing policy reforms,0
spice,0
fcc,0
delphi,1
ph-armenia technical manager,0
cfep,0
eda cad,0
English,0
RMI,1
art design department term,0
organizational,0
packages,0
procedures,0
Familiarity,0
pos,0
web programmer,1
cch network,0
Using,0
ms sql,1
troubleshooting,0
iom,0
ez publishing,1
web design,1
graphs,0
ra please,0
work,0
karart cjsc title,0
ac,0
lycos chat start date/ time,0
fiber bus adapted storage management,0
margasoft,1
analyst,0
attn,0
University,0
engineering,0
Law,0
lg-003,0
Dec-04,0
NT/2000/XP,1
assurance engineer,0
JNDI,1
software development director start date/ time,0
system experts,0
degree,0
series,0
JSP/ Servlets,1
engineering processing,1
cee,0
financial intelligence unit,0
analyst/project developer,0
ejb,1
apg,0
Visual Basic,1
software developer 3,0
NGOs,0
senior programmers,0
required,0
lg014,0
multi-national staff,0
synopsys,0
accept employment agency,0
abelyan st. 375038,0
html specialist,0
microsoft.net,1
MySQL programming,1
u.s. census bureau,0
altova stylevision,0
Computer Sciences,1
sada systems armenian branch title,0
engineering,0
integrate,0
SOA,1
asia,0
inc. job responsibilities,0
java application servers,1
sql server 2000,1
demirchyan street,0
php software developers start date/ time,0
adserving,0
java developer duration,0
distributed network,0
lg016,0
source,0
cs/ ee,0
posix,0
ASP/PHP,1
software developer announcement code,0
social insurance,0
Windows Server/Workstation administration,1
php,1
rdbms ms sql server,1
c++ senior developer announcement code,0
stock exchange,0
agriculture credit department manager,0
vested development inc,0
virage logic international,0
armenian,0
lg008,0
verisoft emirates title,0
mercury winrunner/qtp,0
ra title,0
MS development tools,1
synergy,0
atm,0
cats,0
jta,1
technologies,0
programmer/ developer,0
configuration,0
May-05,0
analysis,1
@,0
excessive oversight,0
powerpoint,0
software developer term,0
mountain view,0
cit ltd title,0
highway 25,0
LANS,1
Internet Explorer,1
unix/ linux,1
usda fas,0
.net developer,0
usd,0
information technology field,1
banking,0
pxall studio title,0
MS SQL,1
contact info,0
upgrade,0
ms sql relevant,1
vital statistics,0
SDLC,1
tester/ quality assurance engineer term,0
Basic English skills,1
java software developers start date/ time,0
jsp/servlets,0
jsp servlet,1
database systems,1
Available writing samples,0
Apr-06,0
armenia branch title,0
typologies,0
suite,0
irex armenia director,0
Academic degree,1
iig llc title,0
bureau,0
implementation,0
dhtml application procedures,0
active data objects\ado,1
dwg/ autocad,0
ice,0
spyur,0
women,0
windows c++/c,1
application server,1
systems ltd,0
free use,0
practical knowledge/programming,0
JSP/Servlets/JSF/JDBC,1
borland c++ builder 6,0
pressure,0
business platform,0
macromedia flash mx,0
purify,0
Jul-20,0
march 9th,0
understand,0
APPLICATION PROCEDURES,0
armenia ph./fax,0
java server faces,1
operational planning,1
mssql 2000,0
and/or Windows,0
VB .NET,1
lycos test center start date/ time,0
Caucasus Research Resource Centers-Armenia,0
Strong communication,0
software developer/programmer,0
lg021,0
busy environment,0
url,0
ebrd,0
dynamic host configuration protocol,0
georgia,0
Software Architectures,1
irex/armenia,0
armenia start date/ time,0
staff,0
zvardnots,0
linkgard,0
Requirements,0
altacode ltd.,0
lycos europe title,0
accusoft corporation,0
tool,0
software,0
framework vb.net,1
vb,1
"abelyan st.,375038",0
php/mysql,1
Basics,0
Unix systems administration,1
up/using peripheral computer,0
html web designer location,0
networking software,1
ms exchange,1
web technologies,1
sql server 2000/ 2005,1
modems,1
Additional,0
C/C++,1
as/if,0
standarts,0
aspo,0
hsbc bank armenia,0
technical specialists,0
May-04,0
software engineer start date/ time,0
_javascript,1
demographic,0
yerevan 375010,0
assembling,0
db2,1
assurance engineer announcement code,0
must,0
team,0
republic,0
organizes,0
bscs,0
highly,0
vardan gspoyan,0
Oracle,1
august,0
vb.net,1
messenger,0
hi tech title,0
b,0
o/r mapping,1
institutional,0
crrc,0
microsoft technologies,1
SCS network technologies,1
systems,0
DOM Application servers,1
related tools,1
redhat,1
oracledatabase @,1
processing,1
J2SE,1
arevik petrosyan,0
atms,0
network environment,0
ruby,1
dsp,0
oracle database administrator,0
optional,0
shooting,1
design department software engineer,0
game developer specialist position location,0
application form.doc,0
alluring application procedures,0
outlook object model,1
organization,0
.net,1
pm,0
lycos mail,0
lotus notes,0
rmi,0
vb6.0,0
tracking,0
search engine optimization specialist announcement code,0
State Engineering University,0
foreign ministry title,0
icq,0
cascade capital holdings,0
requested,0
cafesjian family foundation,0
Bachelor,0
project,0
graphics designer announcement code,0
economics,0
focus,0
dubai,0
write javascript,0
oracle 9i,1
interact,0
workflow management,0
sonics,0
customer support application start date/ time,0
Mac platforms,0
subsystems,1
done,0
Team building skills,0
c-shell,1
competence,0
ism,0
web-server management,0
editorial,1
mercury winrunner,0
web-programs,1
March,0
accusoft corp.,0
microsoft c,1
French,0
Windows Active Directory,1
design engineer,0
Valgrind,1
nelly sedrakyan,0
oracle developer,0
Java,1
information technology officer start date/ time,0
application procedures,0
unit manager,0
outline,0
coded-ui,1
high quality software products,1
desired qua,0
sos children,0
gallery systems cjsc title,0
ararat gold recovery company title,0
xml,1
Armenia DESCRIPTION,0
dbc_sse_0001 location,0
heifer armenia title,0
equivalent University degree,0
Tuesday,0
software engineer announcement code,0
MS Windows C++ development,1
tops bi title,0
frontpage,0
jdbc,1
server-client,0
htm/html,1
food processing company,0
pc,0
details,0
implement,0
squid,0
aml/cft,1
uk,0
equivalent degree,0
software development methodology,1
MS Excel,1
career center,0
soclass,0
analytical,0
dialup,0
gpa,0
xml apis,1
java developer start date/ time,0
mic word,0
javascript programmer location,0
3-5 years,0
c#,1
united factors group llc,0
schemas,0
unix systems administrator usa/06,0
application,1
portal,0
publishing tools,0
arevik ashkharoyan,0
gps,0
orm,1
donors,0
quality assurance engineer location,0
qt,0
Internet access administration,1
rfid,0
orion,1
charts,0
database/ software architect term,0
nis,0
practice,0
andranik grigoryan,0
VC++,1
software developer/ programmer,0
obtain,0
webb fontaine armenia,0
java professionals,0
senior j2ee core developer,0
advanced java developer location,0
JFC,1
R,1
ER-diagrams,1
C,1
fill,0
client-server,1
e-mail server administration,1
system performance,0
SolidWorks,1
wan/lan,1
xml/ rss,1
dating,0
systems administrator announcement code,0
microsoft window,0
spare parts,0
email,0
VBScript,1
maintenance,1
SQL design,1
vagarshyan str,0
information,0
asp.net 2.0,1
Strong problem-solving skills,1
plan,0
jsp,1
Corel Dra,1
listening,0
hardware repair specialist/ electrician open to/ eligibility criteria,0
taught,0
mathematics,1
java/c++ programmer location,1
backup,0
delivered,0
java,1
web developer open to/ eligibility criteria,0
international development,0
invest,0
sos mother coordinator,0
MySQL,1
deluxe technologies,0
teryan st.,0
demographic survey data,1
duration,0
system administrators/ software engineers start date/ time,0
ER-Win,1
vs.net,1
perl,1
yerevan,0
central bank,0
graphic designer position location,0
cd-rom,0
client/server internet systems,1
MS Outlook Express,1
day-to-day work,0
testing tools,0
graph,0
Photo Shop,1
ruby,1
interview,0
deep,0
equivalent combination,0
jsp/servlets/jsf/jdbc,1
lycos hosting,0
national director,0
etsi,0
visual basic 6.0,1
synopsys armenia cjsc,0
system Security issues,0
aharonyan st.,0
ms sql server,1
delphi 7,0
google,0
software developer c++/c,0
ltd,0
argel,0
itdc title,0
java developers,0
web developer start date/ time,0
p. adamyan,0
usaid,0
ISO,1
inc./armenia title,0
expertise along specific law-enforcement aspects,0
qt 4.x,0
user,0
ntsc,0
selp,0
ic,1
similar position preferable,0
intesys group,0
positive relationships,0
business programming,1
network security,0
database management specialist location,0
armen high tech company,0
merdzavan,0
competitive,0
58-14-50 Please,0
software qa engineer term,0
renderx,0
short-listed candidates,0
defined,0
new technologies,1
Exact worker,0
SAX,1
either C/C++ and/or Java,1
intended audience,0
tbilisi,0
minimum 3,0
cascade bank,0
e-mail tocrrc @,0
struts framework,0
group company,0
tools,0
learn,0
AML/CFT,0
smart systems llc,0
master,0
JavaScript,1
uae job description,0
freehand graphical designer location,0
teryan str,0
intesys csjc,0
preferable UML,0
dhtml,1
adobe photoshop cs,1
software developer 1,0
p0501 location,0
codedui,1
hdl,0
vb .net,1
technical English language,0
sdlc,1
foreign minstry title,0
rosak @,0
undo,0
pc/ lan,0
REMUNERATION,0
applied,0
accomplish goals,0
zod,0
VB,1
documentary film,0
smart tech llc title,0
software application development,1
Criminal Codes,0
html/css/javscript,1
nalbandyan 13,0
research service enhancements,1
detail/ accuracy,1
PM,0
JDBC,1
assembly,0
icwb,0
/,0
tomcat,1
state engineering university,0
oracle lite,1
+,0
analog,0
Demographic Analysis Workshop DURATION,0
estimates,0
rn001,0
html/css/javascript coders location,0
female,0
Operates,0
armentel jv cjsc,0
Portal Servers,0
EJB,1
sql 2005,1
rational visual test/robot,0
Quicken,0
internet,1
stylesheet,0
communicate,0
Relevant university degree Yerevan State University,0
offshoresoft.de gmbh title,0
ms outlook express,1
xml/xsl,1
apg armenia title,0
caucasus research resource centers-armenia 52,0
industrial/ graphic designer start date/ time,0
performance optimization,1
broncoway llc title,0
ms visual studio,1
plsql,1
abovyan,0
java script/ html/ xml,1
MS Front Page,1
programmer,0
burlington,0
game development,0
quality assurance engineers,0
techno,0
graphic design,1
gui,0
essential,0
mobile ce,0
fadf,0
official census,1
system,0
netsys jv llc,0
Fresh graduates,0
contact,0
motivated,0
servlet,1
html,1
meet,0
php programmer duration,0
kimbara entertainment software company title,0
senior tester,0
jakarta/ tomcat,0
pixel ltd title,0
Sep-05,0
IC Design,1
analytical skills,1
uneversity,0
web applications development,1
database,1
sos,0
j2ee/ ejb,1
web,1
coral draw,1
Oct-04,0
Laws,0
oracle 8i/9i,1
boston usa,0
cv/resume,0
systems administrator location,0
analysis,0
training skills,0
globalsoft cjsc title,0
testing tool,0
access,1
cch,0
XSL,1
ASP.Net,1
Automation,1
wsdl,1
armenia,0
define,0
turbo cad,0
master,0
demographers,0
trainer,0
Rational Rose,1
inc. armenian office,0
innovative ideas,0
advanced server,0
cmos ic,0
DTS,1
gevork grigorian,0
rur,0
Corel Draw,1
database skills,0
job responsibilities,0
tasks,0
microsoft windows mobile,0
Forte,1
mariam fainberg,0
high,0
Visio Java,1
chat,0
technology,1
ms office 2000,1
russia,0
communication/organizational,0
january/ february duration,0
send,0
Java Servlets,1
cards credit manager,0
lycos communities multinational,0
sr. rf design engineer term,0
ministry,0
pa government services inc,0
application_eng.zip,0
systems experts term,0
communications corporation,0
inc,0
Windows,1
developers,0
UNIX,1
FIS Profile,1
Coral Draw,1
Western Asia,0
SQL Server 2005,1
developer c++ term,1
web developer/ designer term,0
exchange,0
cad/ cam,0
OOA/OOD,1
open to/ eligibility criteria,0
change requests,0
Linux environments,1
isa,0
Object-oriented development,1
gif,0
systems llc,0
Armenia TITLE,0
solaris,1
websites,0
high load systems,0
Strong logic,1
etc,1
prototypes,0
credit obligations,0
web programmer announcement code,0
software engineer,0
Adobe Photoshop,1
Microsoft,0
java web applications required qualifications,0
dba,1
spss,1
win xp,1
Aug-08,0
Apr-05,0
serve,1
demographic estimates,0
Photoshop,1
artificial intelligent,1
lycos communities,0
jakarta tomcat servlet container,1
office applications,1
emv application procedures,0
php programmer term,1
Komitas,0
protect,0
os,1
ASP.Net,1
marine,0
Mar-06,0
my-sql,1
lycos hosting start date/ time,0
j2ee core developer term,0
Health Survey,0
marketing department,0
software engineers location,0
administrative assistant,0
directx,1
Microsoft Certified Professional status,0
Jan-04,0
tk,0
programmers start date/ time,0
algorithms development,1
netsys jv llc title,0
aram.tovmasyan,0
perform,0
cqgs,0
reproductive health and/or family medicine practices,0
active script,0
surveys,0
document.object.model,1
ibm websphere,0
international organization,0
macromedia flash actionscript,1
Armenian Software,0
networking,1
physical design department announcement code,0
web programmer term,0
university,0
commercial law,0
switzerland,0
timely fashion,0
educational waivers,0
microsoft office pro,1
web programming,1
support engineer announcement code,0
co,0
damaris,0
pal,0
Fiserv,1
TCS BaNcs,1
website administration,1
concepts,0
javascript/vbscripts,1
ascp,1
platforms,0
ood,0
comprehension,0
database developer start date/ time,0
gif/ flash banners,1
edms,1
pearl,1
teghekagir,0
java script/html/xml,1
rational rose,1
integration services,0
/ c++,1
audit manager,0
java scripts,1
improve,0
software developer open to/ eligibility criteria,0
anahit krishchyanakrishch,0
card,0
PL/SQL,1
jquery,1
position location,0
c++ developer start date/ time,0
ahtcs r,0
Nov-04,0
senior qa,0
Computer literacy,0
job description,0
OOP,1
short,0
clarify,0
sybase asa,0
designing,0
aml/cft2,1
computer graphic designer location,0
network administrator,0
standalone applications,0
software developer/programmer term,0
nt/2000/xp,1
java location,0
time start date/ time,0
spring,1
armenian branch title,0
llc job title,0
street,0
d-link,0
team leader,0
include,0
credits,0
wrc,0
c++ / stl,1
Feb-04,0
/.net,1
form,0
Vector mathematics,1
anti-money laundering,0
ant,0
c/ c++,1
vb.net/c,1
plastic cards manager,0
technical english,1
develop,0
website moderator term,0
demonstrate,0
adobe family,1
american,0
bootp,0
irex armenia,0
maridansoft,0
germany,0
universal credit company,0
washington,0
abelyan,0
january,0
JSP/Servlets/,1
programmer/ coder,0
Website,0
industrial/ graphic art design,0
vb.net,1
microsoft visual studio.net,0
sos cv armenia title,0
grant,0
layout design engineer term,0
Unix,1
Scripting,1
establish,0
php developer,0
olap,1
team- building,0
mher mkrtchyan,0
unicad cjsc,0
based,0
Team worker,1
ms sql server 7.0,1
j2se,1
web design tools,1
tomcat,1
.net solution developer/ project manager,0
oracle 8i,1
computational,0
chat/flirt/games community,0
free reading,0
computer programmer,0
architect,1
web graphic designers,0
Sep-08,0
CS/EE,0
Object Oriented programming,1
spyur information centre co.ltd title,0
graphic designer location,0
batumi branch,0
cards credit department,0
Jquery,1
proxies,0
Master,0
demography,0
cascade capital holdings cjsc title,0
AS400,0
IBM WebSphere,1
projects,0
Willingness,0
COMPANY,0
borland integrated development environment,0
inc. job title,0
systems administrator sa/06,0
smartphones,0
cards,0
macromedia family,1
k telecom cjsc title,0
smooth operation,0
Swing,1
llc title,0
Apr-04,0
Abstract thinking,0
afc,0
deluxe technologies title,0
koan technologies,0
Aug-05,0
wifi,0
Mechanical Engineering,0
support,0
inc. synergys,0
assign,0
Sun J2EE Patterns,1
computer programmer announcement code,0
JSP/Servlets,1
Windows XP installation,0
synergys support team,0
yerevan armenia,0
lg023,0
creating,0
graphics designer term,0
Dedicated,0
Mar-05,0
virtual solution,0
web developer term,0
html/ css/ javascript,1
existing,0
foreign affairs,0
sw,0
coreldraw,0
vlsi,0
movies,0
"amd 170,000",0
analyzing,0
C++,1
skills/knowledge,0
inecobank,0
configuring,0
j2ee/ejb,1
incomplete,0
plating,0
on-line,0
intent,0
isakov avenue,0
level3,0
conduct,0
j2me,1
avc,1
operating,1
population projection,1
abs,0
j2ee web applications,1
ata,0
aua,0
GDSII,1
office,0
xquery,1
object oriented ms windows c++,1
runsign title,0
government,0
object,0
software engineer term,0
word,0
xml dom level2,0
information technologies,0
oracle9i application server,1
ms windows c++,1
graphical design,1
agriculture/ finance,0
compulsion,0
belgium,0
learned,0
Nov-05,0
sme,0
structures,0
cs,0
xp,1
Macromedia Dreamweaver,1
General programming,1
cgi,1
yerevan 375033,0
software developers term,0
remote,0
fardesign title,0
Quick,0
creating,0
ssh,1
gis specialist,0
Information Technology,0
database architecture,1
counter-trafficking,0
regulatory strengthening,0
heifer armenia,0
software setup,1
pixel ltd,0
boomerang software,0
umcor,0
responsibilities,0
publishing,0
Engineering,0
archie cad,0
crs,0
managerial skills,1
ooa/ood,0
international research,0
dlt,0
deadlines,0
journal,0
consecutive translation,0
Strong leadership,1
ms. anahit sargsyan office manager tel,0
loan,0
file formats,1
sayat nova,0
css,1
software project outsource,0
English language skills,0
odyssee productions title,0
Office Programs,1
maya,1
rtos,0
antivirus maintenance,1
Saturday,0
Candidate,0
content management system,0
source control,0
Operating,0
Databases,1
content management tools,1
evaluation,1
virage logic title,0
additionally lycos armenia,0
ISMS,1
java-2,1
finishing,0
physical design department,0
portfolio upon submission,0
php programmer location,1
server technology,1
cc,0
JBoss ESB,1
.NET framework programming,1
tcl,1
desirable Oracle JDeveloper,1
web site,0
systems administrator term,0
gallery systems,0
webserver,0
.NET framework,1
nalbandyan str.,0
payment patterns,0
CSS,1
friday,0
Eclipse,1
senior executive,0
sweden,0
american university,0
Team,0
basic concepts,0
feel,0
Financial Laws,0
title,0
MSc,0
ameria cjsc job title,0
object-oriented,1
framework,0
ms windows 9x/2000/xp,1
software engineering,1
webpages,0
WAN/LAN setup,1
extensive travel,0
Modeling,1
Jan-06,0
web master term,0
adobe illustrat.,0
SPSS,1
it/ database manager term,0
altysoft ltd.,0
kachgrind,0
vc++,1
brussels,0
credit department,0
Collaboration Data Objects\CDO,1
processes,0
time,0
jv llc title,0
procedure manuals,0
graphics web designer start date/ time,0
c,1
post,0
unicad cjsc title,0
cases,0
integrity,0
indexes,1
MS Visual Studio environment,1
send,0
Independent,0
industry,0
hardware maintenance,1
c++/visual c++,1
ups,0
technical,0
cmmi,1
abovyan street rooms 305,0
spoken,0
language,0
applications,1
snmp,0
Several years,0
regulating,0
altysoft ltd title,0
photo shop,1
apache web server,1
Physical Design Analysis,1
tavoush,0
globalsoft cjsc,0
application deadline,0
database/ software architect,0
internet systems,0
Business Administration,0
capacity,0
Jul-05,0
cross-browser coding requirements,0
Mar-04,0
Master's Degree,0
complete machinery,0
flash action,0
tbilisyan highway,0
Skilled,0
development,0
jfc,1
strategic management,1
united factors group llc title,0
acrobat reader,1
build,0
urls,0
application,0
it/,0
acra credit bureau job title,0
mine action,0
market,0
design,0
given,0
many hotfixes,1
web coder open to/ eligibility criteria,0
responsible person,0
WAN,1
client/server applications,1
grant thornton amyot,0
analyze software application code,0
business correspondence,0
e,0
yield,0
oriented,0
php/my sql,1
graphics designer,0
full project lifecycle,1
project harmony armenian,0
and/or,0
relate,0
synopsys international ltd. additional,0
cit,0
armenia please,0
increasing,0
perl,1
pa government services,0
career center ngo title,0
programmer/ developer term,0
development llc title,0
unix/linux servers,0
nork marash medical center,0
health financing,0
make,0
running,0
ear,0
sql server term,0
k. ulnetsi,0
system/network administrator,0
sql,1
marina vardanyan,0
scs,0
ms windows 9x/2k/xp,1
flash action scripting,1
J,0
xml,1
development methodologies,0
xml/ xslt,1
HTML/XHTML,1
pd_se_0001 location,0
devoted,0
broncoway llc,0
java web applications,0
academic institutions,0
informix,1
ms visual basic 6.0,1
synergys,0
record,0
company,0
Proxy/Firewall technology,1
reports,0
vs 2005,1
resumes,0
moh,0
Linux/UNIX,1
date/ time,0
macromedia director,0
preferred qualifications,0
yerevan e-mail,0
state bureau,0
government structures,0
numbers,0
rational clearcase,0
complex html gui,0
technologyies,0
finance,0
financing,0
January,0
micro-credits,0
ms sql 2000,1
cola hellenic bottling company armenia title,0
portfolio,0
enerpac,0
sharepoint,1
jrun,0
web programming,1
komitas 8/33,0
field,0
microsoft .net,1
Statistics,0
network technologies,1
Silverlight,1
Microsoft C,1
ado,1
machine design,0
msn,0
ravereports,0
ip addresses,0
Software development,1
mining,0
Rational ClearQuest,1
java/c++,1
international programs center,0
analyze,0
ms visual basic,1
lycos armenia cjsc title,0
jaxp,1
database manager,1
sockets,0
voice ip net,0
family foundation,0
lycos billing platform start date/ time,0
Application Servers,1
web design title,0
high technical institutions,0
tester/ quality assurance engineer,0
OLAP,1
ms office,1
.Net,1
telasco,0
developers term,0
lycos communities start date/ time,0
june/ july duration,0
java developer,0
outsourcing armenia,0
troubleshoot,1
armenia job responsibilities,0
education,0
Mac,0
inc./armenia,0
JAXP,1
confidential issues,0
db administration,1
xml/xslt,1
ms visual++,1
services,0
database schema,1
radio engineering,0
experimental,0
strengthen,1
java developers start date/ time,0
rights center title,0
marz,0
experimental llc,0
Design Patterns,1
metakortex cjsc,0
flash action scripting 1.0,1
microlending unit manager location,0
cis,0
senior web developer,0
java/php developer start date/ time,0
irex mailing lists,0
strong,0
resin,1
delivering,0
credit manager start date/ time,0
jsr168,0
server/pc,1
illustrator cs,1
mssql server,1
software developer intended audience,0
written,0
group,0
requirements,0
nork information-analytical center title,0
t-shell,1
programs,0
design engineer location,0
project coordinator,0
depends,0
armenia job description,0
bs/ ms,1
lg023 start date/ time,0
h323,0
Oracle database,1
Office productivity tools,1
java,1
developer/ administrator,0
sybase,1
.NET Assemblies,1
.NET Framework,1
.NET Framework 1,1
.NET Framework 3,1
.NET Framework 4,1
.NET Reflector,1
.NET Remoting,1
ADO.NET (Programming Language),1
ADO.NET Data Services,1
ADODC Class,1
ADOMD.NET,1
ADOdb Database Abstraction Library For PHP,1
ADP Enterprise,1
ADP Reporting,1
ADP SmartCompliance,1
ADP TotalSource,1
ADP Vantage,1
ADP Workforce Now,1
ADT Security Services,1
API Design,1
API Gateway,1
API Management,1
ASP.NET,1
ASP.NET Core,1
ASP.NET Extensions For AJAX,1
ASP.NET Fundamentals,1
ASP.NET MVC 5,1
ASP.NET MVC Framework,1
ActivePerl,1
ActivePython,1
ActiveReports,1
ActiveState Komodo (Unix Text Editors),1
ActiveSync,1
ActiveVOS,1
ActiveX,1
ActiveX Data Objects,1
ActiveX Data Objects For The Windows CE Operating System (ADOCE),1
ActiveX Document,1
ActiveXObject (JavaScript),1
Activeadmin,1
Activeandroid,1
Activecollab,1
Activepivot,1
Activism,1
Activiti (Software),1
Activities Of  Daily Living (ADLs),1
Activity Diagram,1
Activity Manager,1
Activity Monitor,1
Activity Recognition,1
Activity Sequencing,1
Activity-Based Costing,1
Activity-Based Learning,1
Activstudio,1
Actor Model,1
Actuarial Reserves,1
Actuarial Science,1
Acumatica,1
Acupressure,1
Acupuncture,1
Acute Assessment Unit,1
Acute Care,1
Acute Coronary Syndrome,1
Acute Medicine,1
Acute Renal Failure,1
Acute Respiratory Distress Syndrome,1
Ad Hoc On-Demand Distance Vector Routing,1
Ad Hoc Testing,1
Ad Serving,1
Ad Text Optimization,1
Ad Tracking,1
Ad Valorem Tax,1
Ad-Aware,1
Ad-Hoc Configuration Protocols,1
Ada (Programming Language),1
Ada Compliance,1
Ada Programming Support Environment (APSE),1
Adaboost,1
Adafruit,1
Adaptation Kit Upgrade,1
Adapted Physical Education,1
Adapter Pattern,1
Adapter Scripting Language,1
Adapters,1
Adaptive Behavior,1
Adaptive Bitrate Streaming,1
Adaptive Communication Environments,1
Adaptive Control,1
Adaptive Design,1
Adaptive Differential Pulse-Code Modulation,1
Adaptive Equalizer,1
Adaptive Equipment,1
Adaptive Filter,1
Adaptive Insights (Software),1
Adaptive Learning,1
Adaptive Neuro Fuzzy Inference Systems,1
Adaptive Optics,1
Adaptive Reasoning,1
Adaptive Reuse,1
Adcolony,1
Addiction Counseling,1
Addiction Medicine,1
Addiction Recovery,1
Additive Increase/Multiplicative Decrease,1
Additive Manufacturing,1
Additives,1
Address Locator,1
Address Resolution Protocols,1
Address Space Layout Randomization,1
Addressing Modes,1
Addressing Schemes,1
Addthis,1
Adempiere,1
Adenoidectomy,1
Aderant (Software),1
Adhearsion,1
Adhesive Bonding,1
Adhesive Capsulitis Of Shoulder,1
Adhoc Queries,1
Adipose Tissue,1
Adium,1
Adjacency Matrix,1
Adjacent Channel Power Ratios (Power Electronics),1
Adjudication Process,1
Adjustable Gastric Band,1
Adjusted Gross Income,1
Adjusting Entries,1
Adjustment Disorders,1
Adlib Software,1
Admin Tools,1
Administering Blood Tests,1
Administering Cisco Unified Communications Manager And Unity Connection,1
Administering Emergency Oxygen,1
Administrative Agencies,1
Administrative Law,1
Administrative Procedure Act,1
Admiralty Law,1
Admission Notes,1
Admissions Operation,1
Admixtures,1
Admob,1
Adobe AIR,1
Adobe Acrobat,1
Adobe After Effects,1
Adobe Analysis Workspace,1
Adobe Analytics,1
Adobe Animate,1
Adobe Audience Manager,1
Adobe Audition,1
Adobe Authorware,1
Adobe Bridge,1
Adobe Business Catalyst,1
Adobe Campaign,1
Adobe Captivate,1
Adobe ColdFusion,1
Adobe ColdFusion Builder,1
Adobe Connect,1
Adobe Content Servers,1
Adobe Contribute,1
Adobe CreatePDF,1
Adobe Creative Cloud,1
Adobe Creative Suite,1
Adobe Digital Editions,1
Adobe Digital Publishing Suite,1
Adobe Director,1
Adobe Distiller (Software),1
Adobe Dreamweaver,1
Adobe Edge Animate,1
Adobe Elearning Suite,1
Adobe Encore,1
Adobe Experience Manager,1
Adobe Fireworks,1
Adobe Flash,1
Adobe Flash Builder,1
Adobe Flash Catalyst,1
Adobe Flash Lite,1
Adobe Flash Media Servers,1
Adobe Flash Player,1
Adobe Flash Professional,1
Adobe Font Folio,1
Adobe Fonts,1
Adobe FrameMaker,1
Adobe FreeHand,1
Adobe GoLive,1
Adobe Illustrator,1
Adobe ImageReady,1
Adobe InCopy,1
Adobe InDesign,1
Adobe JRun,1
Adobe Kuler (Software),1
Adobe LiveCycle,1
Adobe LiveCycle Data Services (Software),1
Adobe LiveMotion,1
Adobe Livecycle Designer,1
Adobe Marketing Cloud,1
Adobe Muse,1
Adobe PageMaker,1
Adobe PageMill,1
Adobe Persuasion,1
Adobe PhotoDeluxe,1
Adobe Photoshop,1
Adobe Photoshop Album,1
Adobe Photoshop Elements,1
Adobe Photoshop Lightroom,1
Adobe Premiere Elements,1
Adobe Premiere Pro,1
Adobe Presenter,1
Adobe RoboHelp,1
Adobe Shockwave,1
Adobe Soundbooth,1
Adobe Spark,1
Adobe Stock,1
Adobe Streamline,1
Adobe Target,1
Adobe Technical Communication Suite,1
Adobe Type,1
Adobe Type Manager,1
Adobe Ultra,1
Adobe Version Cue,1
Adobe Visual Communicator,1
Adobe XD,1
Adolescent Medicine,1
Adolescent Psychology,1
Adoptions,1
Adplus,1
Adserver,1
Adsorptions,1
Adult Cardiopulmonary Resuscitation (CPR),1
Adult Development,1
Adult Education,1
Adult Protective Services,1
Adult Trauma Life Support,1
AdvFS,1
Advance Design System,1
Advance Fire Fighting,1
Advance Ship Notice,1
Advanced Access Content Systems,1
Advanced Air Traffic Management Systems,1
Advanced Audio Coding (AAC),1
Advanced Authoring Format,1
Advanced Automatic Collision Notification,1
Advanced Boolean Expression Language,1
Advanced Burn Life Support,1
Advanced Business Application Programming (ABAP),1
Advanced Business Language,1
Advanced Cardiovascular Life Support (ACLS),1
Advanced Case Management,1
Advanced Chemistry Development,1
Advanced Civil Speed Enforcement Systems,1
Advanced Combat Direction Systems,1
Advanced Communication Server,1
Advanced Configuration And Power Interface (ACPI),1
Advanced Continuous Simulation Languages,1
Advanced Deep Ocean Search Systems,1
Advanced Design Systems,1
Advanced Disaster Management,1
Advanced Distributed Learning,1
Advanced Distribution Automation,1
Advanced Driver Assistance Systems,1
Advanced Encryption Standard (AES),1
Advanced Filter,1
Advanced Function Presentation,1
Advanced Function Presentation Data Stream,1
Advanced Gunnery Training System,1
Advanced Hazmat Life Support,1
Advanced Health Management Systems,1
Advanced Host Controller Interface,1
Advanced Imaging Technology,1
Advanced Inspection And Protection,1
Advanced Installer,1
Advanced Interactive Multidimensional Modeling System (AIMMS),1
Advanced Joint Effectiveness Model,1
Advanced Linux Sound Architecture,1
Advanced Logic,1
Advanced Manufacturing,1
Advanced Mathematics,1
Advanced Meat Recovery,1
Advanced Message Queuing Protocol,1
Advanced Microcontroller Bus Architecture,1
Advanced Packaging Tool,1
Advanced Process Control,1
Advanced Product Quality Planning,1
Advanced RISC Computing,1
Advanced Rest Client,1
Advanced SCSI Programming Interface,1
Advanced Search Advertising,1
Advanced Search Engine Optimization,1
Advanced Stream Redirector,1
Advanced Technical Information System,1
Advanced Television,1
Advanced Television Systems Committee - Mobile/Handheld (ATSC-M/H) Standard,1
Advanced Traffic Management Systems,1
Advanced Train Control System,1
Advanced Trauma Care For Nurses,1
Advanced Trauma Life Support,1
Advanced Video Coding High Definition (AVCHD),1
Advanced Volatile Threat,1
Advantage Database Servers,1
Adventure Education,1
Adventure Game Studio,1
Adventure Therapy,1
Adversarial Machine Learning,1
Adverse Drug Reactions,1
Adverse Event Monitoring,1
Adverse Possession,1
Advertisement,1
Advertising Campaigns,1
Advertising Mail,1
Advertising Management,1
Advertising Networks,1
Advertising Sales,1
Advertorials,1
Adview,1
Advising,1
Advisories,1
Advisory Circular,1
Advisory Work,1
Advocacy Journalism,1
Adware,1
Adxstudio Portals,1
Aegis Ballistic Missile Defense Systems,1
Aegisub,1
Aerated Lagoon,1
Aeration,1
Aeration Systems,1
Aerators,1
Aerial Cable,1
Aerial Firefighting,1
Aerial Lifts,1
Aerial Photography,1
Aerial Reconnaissance,1
Aerial Refueling,1
Aerial Surveys,1
Aerial Work Platforms,1
Aerobic Conditioning,1
Aerobic Exercises,1
Aerobic Kickboxing,1
Aerobic Organisms,1
Aerobics,1
Aerobiological Engineering,1
Aerodrome Mapping Databases,1
Aerodynamic Heating,1
Aerodynamics,1
Aeromagnetic Survey,1
Aeronautical Fixed TeleCommunication Networks,1
Aeronautical Information Service,1
Aeronautical Message Handling Systems,1
Aeronomy,1
Aeroponics,1
Aerosol Science,1
Aerosols,1
Aerospace Basic Quality System Standards,1
Aerospace Engineering,1
Aerospace Industry,1
Aerospace Materials,1
Aerospace Physiology,1
Aerospike,1
Aerostructure,1
Aesthetic Design,1
Aesthetic Medicine,1
Affiliate Marketing,1
Affiliate Networks,1
Affinity Chromatography,1
Affinity Marketing,1
Affirmative Defense,1
Affymetrix GeneChip Operating Software,1
Aforge,1
African Dances,1
African Studies,1
African-American Literature,1
African-American Studies,1
Afterburner,1
Aftercare,1
Aftermarket Modifications,1
Aftersales,1
Agarose Gel Electrophoresis,1
Agency Law,1
Agent Extensibility Protocols,1
Agent-Based Model,1
Agentsheets,1
AggFlow,1
Agglutination,1
Aggregate Functions,1
Aggregate Level Simulation Protocol,1
Aggregate Planning,1
Aggregation Analysis,1
Aggregator,1
Aggression Replacement Training,1
Agile Central,1
Agile Edge Technologies,1
Agile Leadership,1
Agile Management,1
Agile Methodology,1
Agile Model Driven Development,1
Agile Modeling,1
Agile Product Development,1
Agile Product Management,1
Agile Project Management,1
Agile Projects,1
Agile Software Development,1
Agile Testing,1
Agile Unified Process,1
Amazon API Gateway,1
Amazon Alexa,1
Amazon AppStore,1
Amazon Athena,1
Amazon Aurora,1
Amazon Cloud Directory,1
Amazon Cloud Drive,1
Amazon CloudSearch,1
Amazon CloudWatch,1
Amazon Cloudfront,1
Amazon Cognito,1
Amazon Comprehend,1
Amazon Connect,1
Amazon Data Pipeline,1
Amazon DocumentDB,1
Amazon DynamoDB,1
Amazon ElastiCache,1
Amazon Elastic Block Stores,1
Amazon Elastic Compute Cloud,1
Amazon Elastic Container Registry,1
Amazon Elastic Container Service,1
Amazon Elastic File System,1
Amazon Elastic Kubernetes Service,1
Amazon Elasticsearch Service,1
Amazon Flexible Payments Services,1
Amazon Forecast,1
Amazon GuardDuty,1
Amazon Inspector,1
Amazon Lex,1
Amazon Lightsail,1
Amazon MQ,1
Amazon Macie,1
Amazon Managed Blockchain,1
Amazon Managed Streaming for Apache Kafka (Amazon MSK),1
Amazon Marketplace,1
Amazon Mechanical Turk,1
Amazon Neptune,1
Amazon Personalize,1
Amazon Polly,1
Amazon Product Advertising API,1
Amazon Quantum Ledger Database (QLDB),1
Amazon QuickSight,1
Amazon Redshift,1
Amazon Rekognition,1
Amazon Relational Database Services,1
Amazon Route 53,1
Amazon S3,1
Amazon S3 Glacier,1
Amazon Simple Email Service (SES),1
Amazon Simple Notification Service (SNS),1
Amazon Simple Queue Services,1
Amazon Simple Workflow Service (SWF),1
Amazon SimpleDB,1
Amazon Textract,1
Amazon Timestream,1
Amazon Transcribe,1
Amazon Translate,1
Amazon Virtual Private Cloud (VPC),1
Amazon Web Services,1
Amazon WorkSpaces,1
Apache 1.3,1
Apache Accumulo,1
Apache ActiveMQ,1
Apache Ambari,1
Apache Ant,1
Apache Axis2,1
Apache Beehive,1
Apache CXF,1
Apache Camel,1
Apache Cassandra,1
Apache CloudStack,1
Apache Cocoon,1
Apache Commons OGNL,1
Apache Cordova,1
Apache Derby,1
Apache Directory,1
Azure Cosmos DB,1
Azure DevOps,1
Azure Internet of Things (IoT),1
Azure Kubernetes Service,1
Azure Logic Apps,1
Azure Service Bus,1
Azure Web Apps,1
Backup Express,1
Backup Replication,1
Backup Sites,1
Backup Tools (Backup Software),1
Business Intelligence,1
Business Intelligence Development,1
Business Intelligence Development Studio,1
Business Intelligence Testing,1
Business Intelligence Tools,1
Business Process Automation,1
Business Requirements,1
C (Programming Language),1
C Shell,1
C++ Concepts,1
C++/CLI,1
C++/CX,1
C++14,1
CPython,1
CSQL,1
CSS Codes,1
CSS Frameworks,1
CentOS,1
Centos5,1
Centos6,1
CloverETL,1
Code Testing,1
CodeSynthesis XSD/E,1
CodeView,1
Common Unix Printing System (CUPS),1
CommonJS,1
Component Object Model (COM),1
CoreAVC,1
Corel Linux,1
Cosine Similarity,1
Cron,1
Cucumber.js,1
Data Capture (SQL),1
Data Processing Systems,1
Data Processing Unit,1
Data Profiling,1
Data Quality,1
Data Recovery,1
Data Retrieval,1
Data Science,1
Data Scraping,1
Data Synchronization,1
Data Warehouse Architectures,1
Data Warehousing,1
Data Warehousing And Business Intelligence (DWBI),1
Data Wrangling,1
Data-Structured Language,1
Data.table,1
DataAdapters (ADO.NET),1
Database Administration,1
Database Analysis,1
Database Queries,1
Database Schema,1
Database Virtualization,1
Debian Bug Tracking System,1
Debian Linux,1
Decision Tables,1
Decision Tree Learning,1
Deep Learning,1
Deeplearning4j,1
Dell Boomi (Integration Platform),1
Denormalization,1
Dimple.js,1
DirXML (Novell),1
Distributed Programming,1
Distributed Relational Database Architecture (DRDA),1
Django (Web Framework),1
Doc2vec,1
Docker (Software),1
Docker Container,1
Docker Engine,1
Dplyr,1
DrJava,1
Embedded C,1
Embedded Databases,1
Embedded Java,1
Embedded SQL,1
Embedded Software,1
Embedded Systems,1
Ember.js,1
Express.js,1
Ext JS,1
Ext.NET,1
Face Detection,1
Facebook Graph API,1
Facebook4j,1
Fact Table,1
Fourth Extended Filesystem (Ext4),1
Fourth-Generation Programming Language,1
Framer.js,1
Framework7,1
Fuzzy Control Systems,1
Fuzzy Logic,1
Fuzzy Search,1
Fuzzy Set,1
GTK Sharp,1
GTK+,1
GUI Testing Tools,1
Generic Java,1
Google APIs,1
Google AdSense,1
Google Ads,1
Google Alerts,1
Google Analytics,1
Google App Engines,1
Google Applications,1
Google Apps Script,1
Google Base,1
Google Buzz,1
Google Calendar,1
Google Chart API,1
Google Checkout,1
Google Chrome Frame,1
Google Classroom,1
Google Closure Tools,1
Google Cloud,1
Google Cloud Connect,1
Google Cloud Dataproc,1
Google Cloud Messaging,1
Google Cloud Platform (GCP),1
Google Cloud Print,1
Google Code,1
Google Contacts,1
Google Custom Search,1
Google Dart,1
Google Data,1
Google Desktops,1
Google Display & Video 360,1
Google Drive,1
Google Earth,1
Google File Systems,1
Google Form,1
Google Fusion Tables,1
Google Gadgets,1
Google Gadgets API,1
Google Gears,1
Google Glass,1
Google Groups,1
Google Gson (Java Library),1
Google Guava,1
Google Guice,1
Google Hacking,1
Google Hangouts,1
Google Home,1
Google IME,1
Google Insights For Search,1
Google Kubernetes Engine (GKE),1
Google Latitude,1
Google Maps,1
Google Meet,1
Google News,1
Google Nexus,1
Google Pack,1
Google Patents,1
Google Person Finder,1
Google Places,1
Google Play,1
Google Postini,1
Google Scholar,1
Google Search Ads 360,1
Google Search Appliance,1
Google Services,1
Google Shopping,1
Google Sitemap,1
Google Sites,1
Google Spreadsheets,1
Google Storage,1
Google Street View,1
Google Tag Manager,1
Google Talk,1
Google Tools,1
Google Trends,1
Google Tv,1
Google Urchin,1
Google Wallet,1
Google Wave,1
Google Web Toolkits,1
Google Webmaster Tools,1
Google Website Optimizer,1
Googlebot,1
Googlemock,1
Googletest,1
Gquery,1
Gradient Boosting,1
Gradle,1
GraphQL,1
Graphics API,1
Graphics Library,1
Graphics Processing Unit (GPU),1
Graphlets,1
Graphviz,1
Grid Computing,1
Grid Connections,1
HTML Abstraction Markup Language,1
HTML Application,1
HTML Components,1
HTML Controls,1
HTML Document Object Models,1
HTML Editor,1
HTML Formatting,1
HTML Generation,1
HTML Reports,1
HTML Scripting,1
HTML Tables,1
HTML Tidy,1
HTML-Kit,1
HTML5,1
HTML5shiv,1
HTMLDOC,1
HTMLunit,1
HTMLx - JavaScript On The Server For .NET,1
HTTP Cookie,1
HTTP File Servers,1
HTTP Live Streaming,1
HTTP Tunnel,1
HTTP5,1
HTTrack,1
Heroku,1
Http Headers,1
Http Monitor,1
Http Protocols,1
Http Unit,1
Http2,1
Httpclient,1
Httpd.conf,1
Httperf,1
Httpie,1
Httprequest,1
Httpserver,1
Httpsession,1
Httpunit,1
IBM DISOSS,1
IBM DeveloperWorks,1
IBM Director,1
IBM Disk Storage Systems,1
IBM ES/9000 Family,1
IBM ESA/390,1
IBM EServers,1
IBM Electric Typewriter,1
IBM Entity Analytics Solutions (EAS),1
IBM Fibre Connection (FICON) Protocol,1
IBM Forms Server,1
IBM General Parallel File Systems,1
IBM Generalized Markup Language,1
IBM HTTP Servers,1
IBM Hardware Management Console,1
IBM High Availability Cluster Multiprocessing,1
IBM High Level Assembler,1
IBM I,1
IBM IKJEFT01,1
IBM ILOG CPLEX Optimization Studio (CPLEX),1
IBM InfoPrint Manager,1
IBM InfoSphere (ETL Tools),1
IBM InfoSphere DataStage,1
IBM Information Management System,1
IBM Informix,1
IBM Informix Dynamic Server,1
IBM Informix ESQL/C,1
IBM Informix-4GL,1
IBM Intelligent Printer Data Stream (Computer Printing),1
IBM LAN Servers,1
IBM LU6.2,1
IBM Lotus Domino,1
IBM Lotus Forms,1
IBM Lotus Freelance Graphics,1
IBM Lotus INotes,1
IBM Lotus QuickPlace,1
IBM Lotus Quickr,1
IBM Lotus SmartSuite,1
IBM Lotus Symphony,1
IBM Lotus Word Pro,1
IBM MTCS,1
IBM Magstar ERP,1
IBM Mainframe,1
IBM Mainframe Utility Programs,1
IBM Master Data Management,1
IBM Maximo,1
IBM Microprocessors,1
IBM Network Control Programs,1
IBM Notes,1
IBM OMEGAMON,1
IBM OS/2 (Software),1
IBM OS/390,1
IBM OfficeVision,1
IBM Omnifind,1
IBM OpenDX,1
IBM OpenPower,1
IBM Optim,1
IBM PC Networks,1
IBM PS/ValuePoint,1
IBM Parallel Sysplex,1
IBM Personal Computer,1
IBM Personal Computer XT,1
IBM Personal Computer/AT,1
IBM Personal Computing,1
IBM Personal System/2,1
IBM Planning Analytics Workspace,1
IBM PureQuery,1
IBM QRadar (SIEM Software),1
IBM Query Management Facility,1
IBM RPG (Programming Language),1
IBM RSCT,1
IBM Rational Application Developer,1
IBM Rational Asset Manager,1
IBM Rational ClearCase,1
IBM Rational Clearquest,1
IBM Rational Functional Tester,1
IBM Rational Method Composer,1
IBM Rational Performance Tester,1
IBM Rational SQABasic,1
IBM Rational Software,1
IBM Rational Software Architect,1
IBM Rational Software Architecture,1
IBM Rational Team Concert (Collaboration Tool),1
IBM Rational Unified Process,1
IBM Resource Access Control Facility,1
IBM Services,1
IBM Software,1
IBM Software Configuration And Library Management (SCLM),1
IBM Spufi,1
IBM Storage,1
IBM System I,1
IBM System Object Models,1
IBM System P,1
IBM System RS/6000,1
IBM System X,1
IBM System Z,1
IBM System Z Integrated Information Processor (ZIIP),1
IBM System Z10 (IBM System/360 Mainframe Line),1
IBM System Z9,1
IBM System/3,1
IBM System/34,1
IBM System/36,1
IBM System/360,1
IBM System/370,1
IBM System/38,1
IBM Systems Application Architecture,1
IBM Systems Director,1
IBM Systems Network Architecture,1
IBM TPNS,1
IBM Time Sharing Option,1
IBM Tivoli Directory Servers,1
IBM Tivoli Management Framework,1
IBM Tivoli Storage Manager,1
IBM Tivoli Workload Scheduler,1
IBM TopView,1
IBM TotalStorage Expert,1
IBM Tririga,1
IBM UniCA NetInsight,1
IBM VNET,1
IBM ViaVoice,1
IBM VisualAge,1
IBM WAS,1
IBM WebSphere Adapters,1
IBM WebSphere DataPower SOA Appliances,1
IBM WebSphere MQ,1
IBM WebSphere Message Broker,1
IBM WebSphere Portal,1
IBM WebSphere Portlet Factory,1
IBM WebSphere Process Server,1
IBM WebSphere Software,1
IBM Websphere Application Server,1
IBM Websphere ESB,1
IBM Websphere Edge Components,1
IBM Websphere Host On-Demand,1
IBM Websphere Integration Developer,1
IBM Workload Manager For Z/OS (WLM/SRM),1
IBM Workplace,1
IBM XIV Storage Systems,1
IBM XL C++,1
IBM Z/OS,1
IBM Z/VM,1
IBM ZEnterprise Systems,1
IT Asset And Service Management,1
IT Asset Management,1
IT General Controls (ITGC),1
IT Portfolio Management,1
IT Risk Management,1
IT Sales,1
IT Security Architecture,1
IT Security Documentation,1
IT Service Management,1
IT Service Management Forum,1
IntelliCAD,1
IntelliJ IDEA,1
IntelliPoint,1
Electronic On-Board Recorder,1
Internet Hosting Service,1
Internet Key Exchange,1
Internet Layer,1
Internet Map Server,1
Internet Media Type,1
Internet Message Support Protocol (IMSP),1
Internet Mix,1
Internet Of Things (IoT),1
Internet Printing Protocol,1
Internet Protocol Essentials,1
Internet Protocol Security (IP SEC),1
Internet Protocol Telephony,1
Internet Protocols,1
Internet Protocols Control Protocols,1
Internet Protocols Detail Record,1
JConsole,1
JCreator,1
JDBC Driver,1
JDTS,1
JDesktop Network Components,1
JDeveloper,1
JFace (UI Toolkit),1
JGraph,1
JHTML,1
JIRA,1
JIRA Studio,1
JQuery,1
JQuery Mobile,1
JQuery UI,1
JRuby,1
JavE - Java Ascii Versatile Editor,1
Java (Programming Language),1
Java 11,1
Java 2 Fundamentals,1
Java 2D,1
Java 3D,1
Java 7,1
Java 8,1
Java 9,1
Java API For RESTful Web Services,1
Java API For XML Messaging,1
Java API For XML Processing,1
Java API For XML Registries,1
Java API For XML Web Services,1
Java API For XML-Based RPC,1
Java APIs,1
Java APIs For Bluetooth,1
Java APIs For Integrated Networks,1
Java Access Bridge,1
Java Advanced Imaging,1
Java Agent Development Framework,1
Java Annotation,1
Java Applet,1
Java Application Server,1
Java Architecture For XML Binding,1
Java Architectures,1
Java Authentication And Authorization Services,1
Java AuthoriZatioN (JAZN),1
Java Batch,1
Java Business Integration,1
Java Business Process Management,1
Java Bytecode,1
Java Caps,1
Java Card,1
Java Card OpenPlatform,1
Java Classloader,1
Java Code Coverage Tools,1
Java Collections Framework,1
Java Communicating Sequential Processes (JCSP),1
Java Community Process,1
Java Compilers,1
Java Concurrency,1
Java Console,1
Java Cryptography Architecture,1
Java Cryptography Extension,1
Java Data Mining,1
Java Data Objects,1
Java Database Connectivity,1
Java Decompiler,1
Java Desktop Network Components,1
Java Development Kit,1
Java Development Tools,1
Java Dynamic Management Kit,1
Java EE Application,1
Java EE Connector Architecture,1
Java EE Version History,1
Java Editors,1
Java Enterprise Edition,1
Java Enterprise User Solution (JEUS),1
Java Formal Languages And Automata Package (JFLAP),1
Java Foundation Classes,1
Java GUIs,1
Java Interface Definition Language,1
Java KeyStore (JKS),1
Java Keywords,1
Java Logging Framework,1
Java Management Extensions,1
Java Media Framework,1
Java Message Service (JMS),1
Java Mobile Media API,1
Java Module,1
Java Naming And Directory Interface,1
Java Native Access,1
Java Native Interface,1
Java Network Launch Protocol (JNLP),1
Java Object Oriented Querying,1
Java Open Reliable Asynchronous Messaging (JORAM),1
Java OpenGL,1
Java Package,1
Java Persistence API,1
Java Persistence Query Language,1
Java Platform Debugger Architecture (JPDA),1
Java Platform Enterprise Edition (J2EE),1
Java Platform Micro Edition (J2ME),1
Java Platform Standard Edition (J2SE),1
Java Portlet Specification,1
Java Remote Method Invocation,1
Java Remote Method Protocol,1
Java Rule Engine API (JSR 94),1
Java Runtime Environment,1
Java Scripting Languages,1
Java Secure Socket Extension,1
Java Security,1
Java Servlet,1
Java Simple Plugin Framework (JSPF),1
Java Specification Requests (JSRs),1
Java Speech API,1
Java Speech Markup Language,1
Java Stored Procedure (SQL),1
Java Syntax,1
Java TV,1
Java Telephony API,1
Java Transaction API,1
Java Transaction Service,1
Java Virtual Machine (JVM),1
Java Virtual Machine Tools Interface,1
Java Web Services,1
Java Web Services Development Pack,1
Java Web Start,1
Java XML,1
Java.util.concurrent,1
Java1.4,1
JavaBeans,1
JavaBeans Activation Framework,1
JavaCC,1
JavaFX,1
JavaFX Script,1
JavaMail,1
JavaOS,1
JavaPOS,1
JavaScript (Programming Language),1
JavaScript 1.5 Fundamentals,1
JavaScript Build,1
JavaScript Engine,1
JavaScript Frameworks,1
JavaScript Libraries,1
JavaScript OS,1
JavaScript Style Sheets,1
JavaScriptCore,1
JavaScriptMVC,1
JavaServer Faces,1
JavaServer Pages,1
JavaServer Pages Standard Tag Library,1
JavaServer Web Development Kit (JSWDK),1
JavaSpaces,1
JavaTest Harness,1
Javac - Java Programming Language Compiler,1
Javacv,1
Javadoc,1
Javah,1
Javahelp,1
Javap,1
Javassist,1
Javax Tools,1
Javax.xml,1
Javers,1
Jbutton,1
Jcache,1
Jcarousel,1
Jdk1.4,1
Jdk1.5,1
Jdk1.6,1
Jdk1.7,1
Jdom,1
JobScheduler (Software),1
JointJS,1
Json.net,1
Jsonpath,1
Julia (Programming Language),1
Jxpath,1
Jython,1
K-Means Clustering,1
K-Nearest Neighbors Algorithm,1
Keras (Neural Network Library),1
Knowledge Graph,1
Linear Prediction,1
Linear Probing,1
Linear Programming,1
Linear Referencing,1
Linear Regression,1
Linear Search,1
Linq.js,1
Linux,1
Linux Administration,1
Linux Commands,1
Linux Console,1
Linux Desktop Testing Project,1
Linux Distribution,1
Linux Kernel,1
Linux Kernel API,1
Linux Mint,1
Linux On Embedded Systems,1
Linux On System Z,1
Linux Programs,1
Linux Security Modules,1
Linux Servers,1
Linux Support,1
Linux Swap Space,1
Linux Target Image Builder (LTIB),1
Linux Terminal Server Project,1
Linux Trace Toolkits,1
Linux Unified Key Setup,1
Linux Virtual Server,1
Linux-Powered Devices,1
Linux/GNU Certified Administrator,1
LinuxMCE,1
LinuxShield,1
Linuxconf,1
Linx,1
Localization,1
Log4cplus,1
Log4cpp,1
Log4j,1
Log4j2,1
Log4javascript,1
Log4php,1
Logistic Regression,1
Long Short-Term Memory (LSTM),1
ML.NET,1
Machine Learning,1
Machine Learning Algorithms,1
Machine Vision,1
Master Data Management,1
MicroStrategy,1
MicroStrategy Desktop,1
MicroStrategy Intelligence Server,1
MicroStrategy OLAP Services,1
MicroStrategy Object Manager,1
MicroStrategy Office,1
MicroStrategy Report Services,1
MicroStrategy Reporting Suite,1
MicroStrategy Software Development Kit,1
MicroStrategy Transaction Services,1
MicroStrategy Visual Insight,1
MicroStrategy Web,1
Microservices,1
Microsoft Azure,1
Microsoft Exchange Servers,1
Microsoft Office 365,1
Microsoft Office XML Formats,1
Microsoft Planner,1
Microsoft Reporting,1
Microsoft SQL Server Data Engine (MSDE),1
Microsoft SQL Servers,1
Microsoft Servers,1
Microsoft SharePoint,1
Microsoft Speech API,1
Report Definition Language,1
RoboMongo,1
SAP 2000,1
SAP 3.X,1
SAP 4.X,1
SAP 6.X,1
SAP AA,1
SAP ABAP,1
SAP APO,1
SAP Accounts Payable,1
SAP Afaria,1
SAP Applications,1
SAP BI Accelerator,1
SAP Best Practices,1
SAP Business ByDesign,1
SAP Business Connector,1
SAP Business One,1
SAP Business Planning And Consolidation,1
SAP Business Planning And Simulation,1
SAP Business Suite,1
SAP BusinessObjects,1
SAP CO,1
SAP CRM,1
SAP CS,1
SAP Composite Application Frameworks,1
SAP Concur (Travel And Invoice Software),1
SAP Configuration,1
SAP Connector,1
SAP Contract Lifecycle Management,1
SAP DMS,1
SAP EBP,1
SAP EC,1
SAP EP,1
SAP ERP,1
SAP EWM,1
SAP FI,1
SAP FI/CO,1
SAP Fieldglass (Vendor Management Tool),1
SAP Financial Management,1
SAP Financial Services,1
SAP Fiori,1
SAP Frontend,1
SAP Functional,1
SAP GUIing,1
SAP HANA,1
SAP Human Resource Management Software,1
SAP IDES,1
SAP IS-U,1
SAP Implementation,1
SAP Infrastructure,1
SAP Inventory Management Software,1
SAP Java Connector,1
SAP Knowledge Management,1
SAP Knowledge Warehouse,1
SAP Logistics,1
SAP Logistics Execution System,1
SAP Logistics Information System,1
SAP Lumira,1
SAP Manufacturing Execution (ME),1
SAP Material Management,1
SAP NetWeaver,1
SAP NetWeaver Application Servers,1
SAP NetWeaver Business Warehouse,1
SAP NetWeaver Data Management,1
SAP NetWeaver Development Infrastructure,1
SAP NetWeaver Portals,1
SAP NetWeaver Process Integration,1
SAP NetWeaver Visual Composer,1
SAP Office,1
SAP Plant Maintenance,1
SAP Point Of Sale,1
SAP Product Lifecycle Management (PLM),1
SAP Production Planning,1
SAP Project Management,1
SAP Project System,1
SAP Quality ManageMent,1
SAP R/3,1
SAP Recipe Management,1
SAP Resource And Portfolio Management,1
SAP Sales And Distribution,1
SAP Security,1
SAP Service Management,1
SAP Solution Manager,1
SAP SuccessFactors,1
SAP Supplier Relationship Management (SAP SRM),1
SAP Supply Chain Management (SCM),1
SAP Sybase Adaptive Server Enterprise,1
SAP Sybase SQL,1
SAP Sybase SQL Anywhere,1
SAP Technology Consulting,1
SAP Transport Management Systems,1
SAP Treasury And Risk Management,1
SAP Tutor,1
SAP V3.X,1
SAP V4.X,1
SAP Warehouse Management,1
SAP XAPP,1
SAP XMII (SAP NetWeaver),1
SAPGovernance Risk And Compliance Analytics Software,1
SARS Software Products,1
SARTECH Examinations,1
SAS (Software),1
SAS Appdev Studio,1
SAS Forecast Servers,1
SAS Integration Technologies,1
SAS Learning Edition,1
SAS Macros,1
SAS Management Console,1
SAS Metadata Servers,1
SAS OLAP Servers,1
SAS Scalable Performance Data Servers,1
SAS Statistical Analysis,1
SAS Text Miner,1
SAS Web OLAP Viewer,1
SAS Web Report Studio,1
SAS/Base,1
SAS/IML,1
SAS/STAT,1
SQL (Programming Language),1
SQL And Java (SQLJ),1
SQL Anywhere,1
SQL Azure,1
SQL Common Language Runtime (SQL CLR),1
SQL Injection,1
SQL Plan Management,1
SQL Server 2005 DBa Certified Professional,1
SQL Server Agent,1
SQL Server Analysis Services,1
SQL Server Compact,1
SQL Server Express,1
SQL Server Integration Services (SSIS),1
SQL Server Management Objects,1
SQL Server Management Studio,1
SQL Server Master Data Services,1
SQL Server Notification Services,1
SQL Server Reporting Services,1
SQL Services,1
SQL Tuning,1
SQL*Plus,1
SQL-2003,1
SQL/Persistent Stored Modules (SQL/PSM),1
SQLAlchemy,1
SQLite,1
SQLyog,1
SQSH,1
SQuirreL SQL Client,1
SSAS 2012,1
Vue.js,1
Web Applications,1
Web Crawlers,1
Web Frameworks,1
Web Hosting Services,1
Web Intelligence,1
Web Performance Optimization,1
Web Platforms,1
Web Portals,1
Web Processing,1
Web Processing Service,1
Web Testing,1
Web Tools,1
Web Tools Platform,1
Web Typography,1
Web UI,1
Web Usability,1
Web Widget,1
Web Worker,1
Web.xml,1
Web2go,1
Web2py,1
Web3D,1
WebAssembly,1
WebCT,1
WebCTRL,1
WebDNA,1
WebDev,1
WebDriverJS,1
WebERP,1
WebEx PCNow,1
WebGL,1
WebGUI,1
WebHost Manager (WHM),1
WebKit,1
XML Certification Programs,1
XML Concepts,1
XML Configuration Access Protocols,1
XML Data Binding,1
XML Data Package,1
XML Databases,1
XML Editor,1
XML Encryption,1
XML Firewall,1
XML For Analysis,1
XML Information Set,1
XML Interface For Network Services,1
XML Libraries,1
XML Literals,1
XML Localisation Interchange File Format (XLIFF),1
XML Markup Languages,1
XML Metadata Interchange,1
XML Notepad,1
XML Pipeline,1
XML Representations Of Lexicons,1
XML Resource Library,1
XML Schema,1
XML Schema Editor,1
XML Script,1
XML Signatures,1
XML Transformation Languages (XML-Based Standards),1
XML Transition Network Definition (XTND),1
XML User Interface,1
XML Validation,1
XML-Based Programming Languages,1
XML-RPC,1
XMLBeans,1
XMLSpy,1
XMLhttprequest,1
XMLmind,1
XMODEM Protocol,1
XMetaL,1
XOFTspy Portable Anti-Spyware,1
XOOPS,1
XPC Target (Simulation Programming Language),1
XPEDITER,1
XPages,1
XPath,1
XPlanner-Plus,1
XPointer,1
XQuery,1
