,phrase,skill
1610,irex yerevan,0
575,training,0
375,testing,0
1404,yerevan-brussels-boston,0
1929,oil,0
1014,chat/dating/games community,0
2148,graphic designer start date/ time,0
2231,voip technologies specialist location,0
196,photoshop,1
436,administrator,1
1192,pocket,0
129,notified,0
1453,apache/tomcat,1
2502,web application interface,1
537,hw/sw,1
1636,agricultural academy,0
939,client/server Internet systems,0
709,related/,0
295,lef/def gdsii,0
1243,equipment non-acceptance act,0
1160,provide,0
149,opportunities,0
2405,understand,0
369,DFY,1
2198,senior software developer,0
1838,mathematics,0
617,software engineer location,0
1874,rtti,0
2264,systems administrator start date/ time,0
2310,audit manager term,0
149,zentex.am,0
798,c++ lead developer announcement code,0
1799,dhcp,1
390,corel,1
2273,sayat nova avenue yerevan 0001,0
991,developers announcement code,0
258,discoverer,0
1103,developers team leader term,0
610,scientists location,0
711,web developers,0
814,approaches,0
2470,irex 29,0
907,microsoft sql server,1
283,dfy,0
665,cdrw,0
2140,coca-cola hbc armenia title,0
58,Java,1
1948,vacancies announcements,0
861,LAN equipment,0
66,ngos,1
1030,arwest communications narrowband point-to-point,0
715,sada systems,0
618,aspx,1
336,win 2003,1
1049,development initiatives,0
1752,xml public specifications,0
2408,Sep-06,0
1798,microsoft iis,1
215,gof,0
2,economical background,0
873,databases,1
550,UNIX platforms,1
341,wan,0
1417,koan technologies armenian branch title,0
1932,cement,0
2458,Oct-06,0
2068,evaluation team,0
1023,designer location,0
2165,mscrm,0
82,PCs,1
2022,development llc,0
92,soap,1
225,xsl,1
868,HTML/ PHP/ MySQL technologies,1
2121,win2k,1
382,macromedia flash,1
2248,mechanical manufacturing,0
1567,booz allen hamilton,0
1977,system administrator,0
650,solid,0
75,Unix Systems/ Network Administration,1
558,enterprise applications,0
984,#NAME?,0
184,Fluency,0
935,user groups,0
1854,oracle 9,1
333,lan,1
781,ASP,1
1601,position,0
966,economic regulation program title,0
136,Abovyan Street Rooms,0
2294,msde,0
2069,component,0
508,kb,0
2332,electronics engineering,0
5,windows 2000,1
2453,technical support specialist,0
2188,water cadastre,0
682,ra,0
593,manage,0
1808,acceleration,0
1471,system administrator/ software engineer term,0
2095,safari,0
859,MS Office software,1
1568,grant thornton amyot title,0
322,ado remuneration/ salary,0
409,PHP/My SQL,1
1148,html/xhtml,1
1413,production supervisor,0
2254,strong artistic,0
542,code,0
285,Means,1
112,master's degree,0
456,duties,0
856,ms power point,1
982,ORACLE,1
1226,ef yerevan,0
2269,help/,0
148,related,0
402,reconstruction,0
2171,srnetdev start date/ time,0
1246,simon vratsyan street,0
433,functional business requirements,0
1700,karart cjsc,0
140,database administrator position location,0
396,grinding,0
161,SQL,1
2390,sip radius,0
1195,economic reform program,0
2370,poss,0
232,bea weblogic,0
539,unix/linux,1
1764,developer 1,0
2134,graphic user interface,1
1718,altysoft,0
333,TogetherJ,1
2394,redinet cjsc title,0
1095,quality assurance processes,0
767,us,0
2152,international gold company,0
527,w3c,1
1307,ihi,0
1108,general,0
535,MS Windows environment,1
848,linux/unix,1
1096,equivalent university degree,0
397,heat treating,0
1081,designer open to/ eligibility criteria,0
173,HTML/XML,1
1864,inegrated circtuits,1
9,groov,1
2257,rhinoceros,0
2509,imex group co. ltd title,0
91,Health,0
205,considered,0
1980,ccnp,0
707,formal presentations,0
272,quantify,0
1009,implement,0
401,bank,0
1996,altacode,0
1039,agribusiness lending,0
895,qa-department,0
351,mscs,1
2075,gp,0
486,child development planning,0
2113,design center,0
2115,support engineer term,0
1177,cit ltd.,0
194,pop,0
885,teamwork skills,0
634,old man,0
2345,un house,0
668,configuring software,0
1593,windows ce,0
240,means,0
528,browser,0
1478,web server,0
22,local levels,1
525,dom,1
572,cjsc title,0
532,meet deadlines,0
1665,office administrative manager,0
1865,computer sciences/ electronic,0
761,software developers start date/ time,0
2427,septmeber 2006,0
2459,specialist,0
1509,ibm web sphere,1
2011,apg cyprus,0
649,equivalent,0
1748,java servlet containers,0
8,go!,1
566,awt,1
1069,security,0
775,MS Office environment,1
164,design,0
488,object-relational database concepts,1
293,stl,0
310,quality,0
559,system and/or business analysis,0
936,BSc,0
74,MS SharePoint Cloud,1
464,thebat,1
1693,electronic/ software engineer term,0
1155,fiu,0
1,software developer position location,0
804,sef international universal credit organization ltd,0
534,db,1
563,applets,1
779,candidate,0
2493,pocket pcs,0
840,proxy/firewall technology,1
556,rights center,0
2036,areximbank,0
2103,frameworks,0
766,com,0
631,fluency,0
1553,c/c++ software engineer term,1
2073,primary healthcare,0
1946,human rights law,0
795,vdi,1
2219,enterprise,0
1867,vazgen sarkisyan str,0
574,cjsc,0
1402,war,0
730,coca,0
454,computer science/information system,1
844,mySQL,1
922,Graphical,0
956,rf,0
506,Good skills,0
151,careercenter.am website,0
2417,lg022,0
789,java architect/ java senior developer announcement code,0
319,open,0
969,systems administrator,0
143,microsoft sql server 2000,1
646,1-3 years,0
35,CMMI,1
471,bs / ms,0
344,T-Shell,1
499,Relies,0
633,20-30 years,0
124,stated,0
379,web designer/ developer term,0
2344,iom armenia,0
1044,sql 2000,1
56,developing,0
325,products Oracle,1
817,Banking,0
2411,production design,1
39,Finacle,1
274,BEA WebLogic,1
764,Acquaintance,0
337,SKILLS/KNOWLEDGE,0
342,C-Shell,1
558,companys,0
993,implementation throughout different projects,0
727,vaw,0
398,welding,0
529,handle,0
1831,embedit test,0
1072,Special Know-hows,0
2293,oledb,0
2392,voipshop telecommunications inc.,0
584,business forecast,1
102,provided,0
1579,chamber,0
1965,anti-trafficking component,0
817,web developer duration,0
2387,voipshop telecommunications inc,0
827,Civil,0
30,node.js,1
1570,armenia location,0
105,candidates,0
122,ltd job title,0
742,high sense,0
93,demographic data,0
879,Operating Systems,1
264,assurance engineer start date/ time,0
1467,eclipse,1
1837,tech llc,0
697,optimization,0
877,on/with law enforcement,0
1918,support specialist,0
976,Java2 Enterprise,1
334,wans,1
1186,academic,0
604,Russian languages,0
329,visual c++,1
2082,teams,0
125,please,0
325,sharjah,0
1296,enquiries.yerevan @,0
990,SyBase databases,1
2455,quality assurance teams,0
49,caucasus research resource center,0
2423,fca,0
201,Armenian,0
1,assembly,1
2244,introduce,0
1009,Exchange,1
1242,computer revolving scheme,1
1363,deny,0
961,game programmer,0
118,ms. anahit sargsyan,0
2237,ip telephony,0
238,script,1
150,technical support via e-mail,0
1429,web designer/ developer duration,0
771,software developer location,0
426,Jul-04,0
1861,engineer term,0
2240,arcgis,0
447,disaster recovery strategy,0
686,java programmer announcement code,0
673,web programmer application,1
227,various types,0
346,term location,0
634,web developer,1
141,database administrator,0
2209,systems llc title,0
740,self,0
160,ms word,1
524,information security,1
355,web site design,1
2465,voip administrator term,0
1317,studio,1
292,oop,1
576,jsp/java developer,0
1803,distributed file system,1
180,ftp,1
2271,unix/ linux servers,1
1998,coding standards,0
394,metals,0
1525,java developers announcement code,0
1648,photoshop cs,1
1526,intermediate software engineer announcement code,0
1757,documentation,0
1805,remote installation services,0
2376,plastic card technical specialist,0
1652,dvd,0
239,object extensions,1
1530,routing,0
289,log4j Means,1
1248,education projects,0
1285,nt 4,0
824,by-laws regulating activity,0
422,c-sharp,1
2415,ya,0
1462,synopsys international ltd.,0
761,selection process,0
352,phd,0
536,act,1
586,bs,0
811,documents,0
46,special attention,0
1377,Jun-05,0
571,gtmc,0
1806,exchange 2000,0
383,macromedia fireworks,1
1209,assurance specialist announcement code,0
1533,gateway llc title,0
46,scala,1
573,shushan asatryan,0
10,english,0
711,Systems,0
1801,rras,0
1501,caucasus,0
250,swing,1
462,windows xp,1
612,basic HTML,1
1379,com/atl,0
247,er-win,1
1182,software developer start date/ time,0
1085,graphical designer,0
2253,ergonomic,0
266,cs/ee,0
359,web site security,1
2508,social,0
608,zenteq title,0
1116,photopaint,0
1173,intelligence unit,0
1930,gas sector,0
130,February,0
500,judgement,0
665,TCP/IP,1
399,sheet metal forming,0
997,t-sql,1
1008,SQL Server,1
644,lycos billing platform,0
242,additional,0
52,armenia description,0
2216,java developer location,0
1349,vancouver,0
2507,passport,0
2145,java senior software developer start date/ time,0
1197,windows 2003,1
659,Novell,0
992,Biochemistry,0
1308,analyst/ project developer term,0
1072,pd_sse_0001 location,0
1638,borland delphi,0
1312,excel,1
1044,farmers groups,0
693,usd+ bonus,0
133,contact information,0
792,Pearl,1
29,capacity,0
977,designer,0
1960,lan management,0
561,large development teams,0
2324,firmplace corporation yeravan branch title,0
1463,globalsoft title,0
660,Advanced Server,0
407,credit committee,0
2268,irex websites,0
272,desirable Oracle9i Application Server,1
1876,basic software developer start date/ time,0
505,gig computers,0
295,Personal qualities,1
181,shell,1
969,Good mathematical background,0
2010,magazine ads,0
1200,thomas twining,0
274,purecoverage,0
693,primary health care,0
20,public sector planning,1
2141,ms windows os family,1
1825,software developer c++/ c,0
541,Windows platform technologies,1
564,beans,1
1106,finance specific,0
1373,cqg,0
975,office manager/clerp,1
1117,project manager mr. sedrak mkrtchyan,0
1508,j,1
1085,team,0
1616,exchanges board,0
569,relocation,0
441,Complete,0
34,produce,0
2046,yerevan tel,0
1783,computer hardware engineer/ system administrator term,0
945,quality assurance,0
1251,projects,0
63,hibernate,1
1791,imex group co. ltd.,0
638,UNICODE,0
1270,anti-trafficking project,0
220,established,0
502,july,0
551,interaction,0
79,selenium,1
0,brandy company job title,0
248,CHARACTERISTICS,0
1351,lvfh / apg title,0
0,DevOps,1
55,dhs,0
49,AJAX,1
62,use,0
389,mechanical components,0
823,ids,1
739,systrotech llc title,0
355,MS Windows,1
544,threading,0
653,advanced java developer,0
630,consultation,0
491,threat assessment,1
1551,moskovyan,0
605,world,0
1963,law enforcement/legal aspects,0
1051,strong interpersonal skills,0
152,ms windows,1
304,required qualifications,0
680,armentel jv,0
1731,vb.net/ c,1
117,asp/php,1
649,solve,0
2179,asp.net web services,1
1002,VB6,1
19,armine bibilyan,0
1690,ansi/iso,1
714,backup etc,0
68,JAVA,1
547,software developers,0
592,spain,0
2328,c++ software developer term,0
784,Software,0
2229,windows mobile ce,0
13,matlab,1
552,term,0
351,Quantify,1
1609,restore,0
387,php/asp,1
1396,java tester term,0
186,competencies,0
2125,msee,0
26,sic,1
473,abelyan st.,0
1961,html/ css,1
1000,Full software development life-cycle,1
1061,Development environment,0
255,jndi,1
954,pcb,0
74,attached application form via e-mail tocrrc @,0
1902,lg017,0
811,troubleshoot,0
614,educational background,0
2354,intertel title,0
994,object oriented design,1
159,pdf,0
451,client TheBat,1
340,dns,0
354,java web,1
1604,systems administrator duration,0
392,cover letter,0
1022,configure,0
188,apt 33,0
48,DHS data,1
1703,architected,0
630,spoken English,0
1092,information integration group,0
667,matit studio title,0
1934,paper mill industries,0
482,native armenian,0
794,vested development inc.,0
1730,usa job description,0
2016,credit,0
79,website,0
1816,soap/ web services,1
636,armenia school connectivity program,1
1185,java/c++ backend developers start date/ time,0
543,web-architecture,1
1917,asap,0
1115,adobe graphic suite,0
1068,JSR168,0
743,attachments,0
864,minor hardware repairs,0
2098,sdlserver,1
863,appl.servers,1
2201,apg enterprises ltd,0
526,object,1
1786,programmer open to/ eligibility criteria,0
368,start date/ time,0
869,accept,0
983,solid software,0
361,good communication skills,1
645,lycos servises,0
810,international conventions,0
111,degree,0
2434,ms sql 2000/2005,1
854,wireless LANs,1
1663,ameria cjsc title,0
1010,draw,0
1664,cop,0
1275,building support,0
695,family medicine,0
970,novell,0
1771,dg contact,0
2250,plastic,0
502,creativity,1
931,kms,0
2373,armenian card processing centre,0
1068,armentel,0
2285,document designer location,0
682,Provide,0
520,flash active,0
2334,cadence virtuoso,0
552,off-shore development teams,0
37,MySQL,1
723,qa engineer,0
1548,recruitment company title,0
1181,php/html/javascript,1
1555,miasnikyan,0
1475,directory,0
288,usa,0
2183,analysis services,0
648,shopping,0
90,j2ee,1
738,printing processes,0
1095,senior developer start date/ time,0
1290,gross,0
746,implementing,0
1945,dg portfolio manager/ human rights program officer,0
1053,Computer,0
1678,state water cadastre information system,0
560,management,0
1926,enerpac exclusive representation,0
2286,residential heating project,0
1538,inc./ armenia title,0
1114,perfect,0
438,Computer Science/Information System,0
411,Apache,1
1868,balance,0
1007,ADSI,0
94,practical,0
580,financial product development,1
1840,state fund,0
720,professional,0
1249,education quality,0
1824,administration,0
2041,brandy company cjsc title,0
378,armenia e-mail,0
303,mechanical design department,0
277,eda,1
1067,save,0
1597,window,0
2049,career center title,0
1942,dg portfolio manager/ hr program officer,0
468,fluent,0
636,men,0
722,ca,0
650,Experience/knowledge,0
728,ms. zara shahinyan,0
2321,xslt/ rss,1
900,itil,0
976,database developer location,0
231,Microsoft SQL Server,1
535,qa,1
712,isps,0
1410,assurance specialist start date/ time,0
2093,ie6,0
1498,united states department,0
1384,java2 enterprise,1
2375,arm soft,0
703,network,1
1504,java professionals duration,0
39,monitoring,1
875,html specialist announcement code,0
224,records,0
1080,thinking,0
781,redhat linux,1
1738,fadf director,0
428,announcement,0
1057,rh/mch,0
2014,agriculture credit specialist,0
1485,flash actionscript,0
826,Republic,0
1138,quark xpress,1
839,tcp/ip routing,1
1083,illustrator quark express,0
1172,work-book,0
1157,combating terrorist financing,0
373,DEF,1
1916,support specialist start date/ time,0
2178,asp.net 1.1,1
265,bs/ms,0
148,zentex.am job title,0
58,census bureau,0
672,computer sciences,0
1732,associate,0
542,Win32 API,1
1995,altacode ltd,0
1908,linux/ unix,1
2258,basic senior software developer start date/ time,0
700,international recommendations,0
2368,cascade bank cjsc,0
1823,hardware security systems,0
815,standards,0
2126,layout,0
428,HTML/XML/CSS/JavaScript,1
180,problem-solving skills,1
999,flash action scripting programmer start date/ time,0
951,project management,0
1564,kspe,0
1668,competitive armenian private sector,0
39,fireworks,0
439,university foundation,0
407,Corel,1
1080,new age trust corporation title,0
1699,radio/micro electronic,0
641,servlet,0
2163,designers/ technical specialists,0
1263,law enforcement bodies,0
1221,lg007,0
602,writing,0
6,coffeescript,1
1981,ccie,0
894,test-,0
2357,hpla,0
556,formal design notations,0
311,a.vardapetyan please,0
555,apply,0
237,transact sql,1
1476,ms exchange 2003,1
32,survey,0
750,user administration,1
38,planning,1
108,web database,0
2054,primary,0
1997,database applications,1
164,web developer/ programmer start date/ time,0
174,css,1
491,sos-family,0
1904,search engine optimization specialists announcement code,0
262,JSP,1
555,methodologies,0
941,object-oriented design,0
948,senior rf engineer,0
783,ipop3,1
59,Liferay,1
435,problem solving,1
320,JMS,1
2112,solaris/ linux,0
2092,kimbara entertainment software company,0
828,media,0
1605,lan/wan,1
774,MAC OS,1
1273,k. liebknecht st.,0
745,enterprise-class system architecture,1
2177,/ sql,1
620,sponsored,0
924,admin,0
1845,k-telecom cjsc title,0
1795,utp-cat5,0
245,initiative,0
2414,anahit krishchyan,0
297,sense,0
702,human resources management,0
733,secondary education,0
341,Unix shell,1
53,MVC,1
523,dhtml / javascript,1
169,programming,1
1924,ldms,0
1431,heifer caucasus regional program,0
2384,crystal reports/ sql,0
399,batumi,0
2475,wireless network embedded software term,1
803,data analysis,1
627,system administration,1
2017,agriculture credit associations,0
73,JSP,1
2420,senior software developer start date/ time,0
1736,reintegration,0
738,quick,0
109,web portal,0
1019,photoshop graphics web designer,0
1047,xslt,1
1940,Dec-06,0
2432,gmeter,0
323,specified,0
1329,developer,0
2170,metacortex title,0
2087,jdk,1
1910,oracle database assistant administrator start date/ time,0
438,microsoft office trainer / teacher location,0
584,paris,0
27,network administrator position location,0
1194,usaids commercial law,0
470,object oriented,1
2220,jsp 1.1,1
845,leda design,1
1705,desired skills,0
270,Tomcat,1
896,remedy ar system 5.x/6.x,0
1059,law,0
2227,xmlrpc/ jsonrpc/ soap,0
62,Spring,1
2190,usaid water resources management program,0
1328,inecobank cjsc title,0
2187,Jun-06,0
98,ameria cjsc,0
2366,cascade bank cjsc title,0
2377,web services development,1
1064,project nova,0
832,imageready,0
694,sada systems title,0
1169,hr management department,0
862,laser printers,0
1269,undp project,0
1882,maven,1
1788,basic.net,1
218,er-diagrams,1
1089,sql server,1
1124,corel dra,0
1023,common tasks,0
1621,impeva labs title,0
78,armenia 375025,0
298,required skills/knowledge,0
1713,websoft technologies,0
157,preferred,0
116,Friday,0
2487,tcl/tk,0
1092,verbal communication skills,1
1043,integrated approaches,0
38,MS Access,1
1039,.net senior developer/ architect announcement code,0
513,lycos,0
857,ms front page,1
1012,MAPI,1
929,fortune 500,0
366,PDA,1
996,oriented personality,0
2160,mumbai,0
619,harmony armenia title,0
216,sun j2ee patterns,1
696,ado.net,1
2395,vb/ vba/ sql,1
1780,commerce department,0
1078,Complex HTML GUI,0
820,db core,1
1708,intellij,1
103,synergy international systems,0
234,web,1
1210,deploy,0
138,credit bureau,0
1793,system/ network administrator location,0
450,windows server/workstation,1
1036,tftp,1
1714,php programmer,0
1076,medical insurance,0
221,Credit Bureau,0
489,ANSI SQL standards,1
73,REQUIRED QUALIFICATIONS,0
326,Portal,1
1702,java announcement code,0
2026,java-script,1
1622,software engineer java/dbms term,0
1626,java/rdbms orm,1
888,become,0
1074,optimization problems,0
493,English languages,0
966,software design,1
146,vbscript,1
1346,lvfh,0
1542,databases applications,0
805,credit manager location,0
1003,C++ desireable,1
647,datawarehouse,1
690,Organizational Systems,0
1046,undertake,0
92,depend,0
2035,monitor,0
197,setting,0
1178,programming,0
2346,p. adamian street,0
67,International Programs Center,1
1035,com/dcom,0
708,results,0
938,atl,1
255,GRASP,1
865,upgrades,0
26,communications job title,0
2320,xml/ xsl,1
81,programmer position location,0
1211,mac,0
1454,linux operative,1
2161,india,0
144,dts,1
65,used,0
641,php application procedures,0
1654,web/print,0
2491,support specialist term,0
2401,armentel title,0
17,Demographic analysis,1
1058,country director,0
2283,Jul-06,0
1070,Servers,1
737,Illustrator Quark Express,1
1426,sql professionals,1
782,imap,1
1059,Enterprise Edition,0
716,storage,0
1497,armenian agricultural academy,0
1165,financial laws,0
1756,integrien international,0
915,Word,1
37,enough,0
1873,oodb,0
1860,cm,0
2097,lead developer,0
1590,customer support specialist location,0
692,english remuneration/ salary,0
510,macromedia flash mx application procedures,1
1594,h/she,0
698,proven,0
963,bearingpoint,0
600,java/c++ developer,1
168,asp,1
955,field/ Bachelor,0
1276,victims assistance,0
412,software developer duration,0
2419,amd+,0
843,microsoft visual,1
1045,enterprise server,1
741,started,0
736,Adobe PhotoShop,1
888,remedy,0
2506,personnel management division,0
1075,distributed,0
847,ip,0
41,g.u.i,0
706,yerevan state university,0
2322,balasanyan design bureau,0
734,business,0
1848,solaris 9,1
655,linkgard systems,0
626,cultural affairs,0
766,Desired,0
1416,transport,0
1163,basics,0
363,web performance,1
1110,cascade capital holdings cjsc,0
279,pda,0
777,Quark Xpress,1
1174,board,0
1168,labor,0
1549,service,0
1448,sytek developer sl title,0
1623,rdbmss,1
195,illustrator,0
2064,he/,0
844,cv-s,1
920,java senior developer / architect announcement code,0
1383,object oriented programming,1
2358,synopsys inc,0
1240,intended,0
264,JavaMail,1
2498,msc,0
77,Share Point 2007,1
1897,kpmg international,0
299,arqell cjsc title,0
893,service platforms team,0
1146,seo,1
1523,intermediate java developers announcement code,0
1944,leader,0
1667,caps/foa/05-03,0
127,submit,0
1815,coldfusion,0
892,remedy ars,0
2433,studio team system,0
51,Angular JS 2.0,1
1492,initiate,0
608,MS Power Point,1
2426,metakortex cjsc title,0
1958,antivirus,0
1855,pl/ sql,1
88,sought,0
855,database management systems administration,0
1341,armex lan,0
1587,narsan llc title,0
1546,asp.net software developers term,0
2133,May-06,0
2228,smart tech llc,0
216,invited,0
884,Good communication,0
2193,yerevan 0019,0
1395,broncoway,0
335,BS/MS,0
2412,computer design tools,0
1765,masters degree,0
64,projection software,1
1988,postgraduate,0
1743,gis,0
441,communication technology,0
277,DHTML,1
95,uml,1
945,java-developer,0
990,usd 300.00,0
7,emacs lisp,1
1418,flash action scripting programmer/ html coder term,0
115,vb,1
800,public organizations,0
533,database architect location,0
342,viasphere technopark title,0
1400,project manager,0
671,XP installation,0
820,financial activity,0
1907,evening,0
1677,database programmer term,0
2449,aua center,0
1109,finance/insurance,0
1055,Informix,1
724,website moderator assistant term,0
941,winforms,1
933,organized,0
1628,ood/oop,1
1666,reference,0
2028,scdm llc,0
1048,usd application procedures,0
161,start date,0
1126,software engineers term,0
18,human resources department,0
509,High GPA,1
1176,ancnak_cba.doc,0
284,MS SQL Server,1
393,mourad mouradian,0
9,database software development,1
581,budgets Capacity,0
1833,write unix,0
330,visual basic,1
2341,migration,0
1600,soc,0
117,lunch,0
1219,ms,1
1042,oracle 9.1,1
676,Attention,0
417,ra tel,0
1457,synopsys armenia cjsc title,0
855,ms excel,1
971,Programming,0
914,Office software,1
669,matit studio,1
81,using,0
301,Initiative,0
1222,linkgard systems llc,0
2206,effects,1
494,Team player,1
2367,plastic card technical specialist location,0
54,health survey,0
442,Windows XP,1
85,Machine Learning,1
2132,eeprom,0
170,languages,1
85,Individuals,0
1599,ukraine job description,0
104,inc./armenia job title,0
2012,alias maya,0
497,children,0
960,advanced Microsoft Technologies,1
1065,JBOSS,1
63,United Nations,0
821,software engineers,0
511,lycos armenia,0
2274,armenia attn,0
1330,desktop application developers,0
2461,network elements,0
1770,developer 2,0
36,prepare,0
905,Jan-05,0
736,counting,0
776,runsign,1
872,world bank,0
933,crm,1
578,business planning,1
661,windows xp/nt/2000,1
1620,Oct-05,0
829,contract location,0
622,us department,0
2006,apg enterprises,0
949,client/server systems,1
376,roles,0
2214,klin,0
570,University degree,0
1733,armenian development foundation,0
209,ACRA Credit Bureau,0
802,database management,1
1859,k-telecom,0
1450,sytek developer sl,0
997,Internet,1
1933,steel,0
1004,Outlook Object Model,1
183,remuneration/ salary,0
901,soap/xml,1
477,qualifications,0
1096,write,0
615,Sep-04,0
40,dreamweaver,0
889,permission,0
319,JTA,1
565,ui,1
389,web designer/ developer location,0
1040,SME development,0
2483,soft llc,0
338,ad,0
2360,manufacturability,0
549,distributed application architectures,1
725,center,0
1364,ipchains,0
2474,impeva labs cjsc title,0
254,jms,1
2027,scdm llc title,0
1167,civil,0
1098,ref,0
2139,answer,0
1327,software developer/ programmer term,0
1024,art,0
437,Master degree,0
992,dn01a location,0
785,Hardware support,0
2413,software ui standards,0
1527,automated tests location,0
1531,interpersonal,0
777,nfs,1
521,DB management tools,1
706,communications skills,0
891,gtersloh/germany,0
276,HTML,1
565,support,0
818,#NAME?,0
142,Career Center,0
31,census,0
1900,search engine optimization group,0
687,Masters,0
1100,and/or,0
2072,clearly,0
1957,ahdc,0
578,jsp/java,1
577,lycos mail announcement code,0
2291,cafesjyan family foundation,0
571,Finance,0
1978,systems manager,0
629,school,0
354,Linux,1
1670,program,0
166,stored procedures,1
2350,qa engineer term,0
949,uhf,0
606,MS Word,1
1647,adobe,1
830,Accounting,0
96,mass media,0
370,odyssee productions,0
416,yerevan 375009,0
1365,ipfw,0
1121,web coder,0
100,corel draw,0
2172,lucene,0
210,russian,0
1216,.net developer announcement code,0
553,computer,0
2462,mcp,0
1037,commitment,0
1292,management officer,0
1087,EDA tools,0
1624,qa engineers,0
1470,pashtonakan teghekagir cjsc title,0
2067,monitoring,0
1822,cch wan,0
115,final week,0
859,accept employment agency title,0
1516,digital design engineer intended audience,0
392,detail drawings,1
648,accepted,0
2047,human resources department please,0
1656,macromedia dreamweaver mx,0
1750,jakarta struts,0
1487,credit specialist,0
856,Sybase ASA,0
362,java jdo,1
1045,agribusinesses,0
44,agile,1
443,LAN,1
2309,tanger recruitment company title,0
668,web programmer open to/ eligibility criteria,0
470,communication skills,1
1189,c/c++ software developers start date/ time,0
64,J2EE,1
2196,quality assurance engineer term,0
2080,seligent,0
619,donor activities,0
1135,mfa web designers,0
94,encouraged,0
8,years,0
592,international partners,0
379,fulfilled,0
369,charles convent please,0
143,Thanks,0
791,websphere,1
488,association,0
481,pedagogical adviser open to/ eligibility criteria,0
778,Macromedia Family,1
1811,windows systems/network administration,0
514,alek manookian str,0
1768,additional characteristics,0
327,Discoverer,0
223,java servlets,1
904,publications,0
1084,common,0
1451,c/c++ developers,0
1213,tigran matevosyan,0
991,technologies,0
1938,victims assistance start date/ time,0
2050,junior java developer term,0
1043,programmer term,0
52,analytical products,0
727,analyze,0
1572,curriculum vitae,0
2336,Aug-06,0
1414,village merdzavan,0
947,Software design,1
364,sqa,1
1529,subnets,0
674,armentel jv cjsc title,0
15,objective c,1
473,JScript,1
51,utility,1
898,rac,0
1603,irex armenia title,0
720,issues,0
4,university,0
461,BS / MS,0
594,multiple tasks,0
2333,applied sciences,0
1421,flash programmer,0
1425,esoft llc,0
1547,knoledge,0
2331,ics,0
958,Effective communication skills,0
1145,mfa,1
1206,asp .net,1
348,responsibilities,0
1187,developers start date/ time,0
103,offered,0
1322,distributed,0
121,u.s.,0
904,developer announcement code,0
50,armenia title,0
285,def,0
1951,armenia de-mining project,0
423,administrative reports,1
1366,pom,0
801,engaged,0
368,Yield,0
1607,irex,0
1606,mail,0
974,Object Oriented Programming,1
63,windows,1
1785,imex group co. ltd,0
2138,amd application procedures,0
466,fordilling,0
230,administration,1
2169,Jan-00,0
261,forte,1
805,ell,0
477,following,1
158,plain,0
1642,create,0
230,jboss,1
934,new skills,0
1717,developer term,0
520,LAN servers,1
625,educational,0
1968,cqg title,0
1374,integration process,0
982,senior software engineer,0
1576,member,0
2107,armenia holdings inc.,0
705,databases,1
290,teamwork,1
478,ms sql server application procedures,1
89,ministries,0
48,dot net,1
140,application letter,0
1893,ms iis,1
417,take,0
462,fields,0
853,workstations administration,0
1552,abm soft prof ltd,0
675,unix administrator location,0
627,zang armenian legal socialization project,0
944,revision control,0
291,CVS,1
1247,armenia phone,0
2142,smart units llc title,0
372,LEF,1
225,consumers,0
154,discipline,0
496,standard concepts,1
639,cit title,0
1810,certified,0
1193,bearingpoint title,0
380,military obligation,0
371,design data,1
51,analysis workshop duration,0
792,weblogic,1
437,microsoft web developer,1
988,ASP.NET,1
1318,graphical,0
454,and/or management skills,1
635,armenia connectivity 2000,1
1032,relevant training,0
1271,un house security desk,0
2207,adobe premier pro,1
1784,hardware engineer/ system administrator,0
568,minimun 3,0
1923,lease document management system,0
2182,udfs,0
566,demo-versions,0
712,Solaris,1
1252,school learning centers,0
1726,microsoft certified solution developer,0
655,Electrical Engineering,0
448,purchase,0
1287,ecdl,0
2460,ss,0
1843,fund,0
21,private sector market analysis,1
808,AML/CFT2,0
1071,IIS,1
1388,thereafter,0
1042,capability,0
206,department,0
2510,programmer start date/ time,0
405,Bachelors,0
2053,webb fontaine holding,0
227,dom application,0
866,triggers,1
1065,emerging markets group,0
1899,seo director,0
1922,junior developer start date/ time,0
82,armenia required qualifications,0
119,office manager,0
908,development c/c++,1
588,great britain,0
930,dms,0
175,Additional Characteristics,1
1305,honesty,0
973,proxy/firewall,1
1026,art school,0
156,python,1
469,add,0
2164,intesys cjsc title,0
1244,equipment transfer-acceptance act,0
430,boomerang software llc,0
1598,isp,1
748,maintenance,1
740,microsoft visual basic,1
130,acra credit bureau,0
557,valletta ltd title,0
450,mail,0
2200,lg019,0
30,evaluate,1
1052,health systems analyst start date/ time,0
1856,import,0
1250,relevance project,0
1819,.net developer term,0
304,carry,0
2078,high tech company,0
1898,php programmer announcement code,0
2422,farm credit armenia,0
1846,oracle administrator assistant start date/ time,0
1694,ijevan,0
879,macromedia,0
495,Familiar,0
328,Oracle Lite,1
124,game developers,0
275,Orion,1
1569,information technology specialist open to/ eligibility criteria,0
561,programmer announcement code,0
767,web applications,1
800,c++ developer announcement code,0
172,html,1
722,Systems administration,1
2159,rosy blue,0
713,system administration procedures,0
570,Aug-04,0
343,Bash,1
139,mention,0
361,database programming,1
573,managing,0
788,web development,1
1032,scada,0
765,win32 api,1
2129,circuit design engineer term,0
1906,seo specialist,0
1293,ian cramman,0
236,javascript,1
2176,asp.net/ c,1
193,computer graphic designer,0
2280,ms windows 2003,0
1326,iig title,0
49,order,0
157,data,0
1588,administrate,0
76,Demographers,1
878,MSSQL,1
17,php,1
1685,water management,0
782,Database,1
890,siebel,0
223,keeps,0
852,LAN administration,1
786,administrating,0
1434,caucasus regional,0
1031,point-to-multipoint,0
213,handled,0
37,national population projections,0
29,cv,0
208,CV,0
893,speaking,0
212,rup,0
1950,hr associate,0
816,nairisoft inc,0
1017,photo,0
1540,programmer/ project developer announcement code,0
2323,/ c++ software developer term,0
262,togetherj,0
1949,p. adamyan str,0
182,fair,1
2024,jmeter,0
755,polytechnics,0
1992,mysql innodb,1
525,protection systems,1
166,location,0
883,multiple priorities,0
601,Good speaking,0
2441,amd +,1
1539,armeconombank title,0
116,html/xml,1
2251,wood treatment,0
2497,yerevan branch title,0
1320,delphi programmer announcement code,0
1941,undp resident representative,0
1035,rural lending,0
2130,ic cad,0
200,khorenatsi,0
296,Diligence,0
1577,grant thornton international,0
2307,php/ mysql,1
2272,irex armenia 29,0
1847,unix systems administrators,0
788,srpms,1
20,please,0
1255,undp armenia country office,0
925,various SQL versions,1
903,damaris title,0
759,high school grades,0
804,processing,0
795,Illustrator,0
705,programs,0
83,studio .net,1
1484,math/geometry,0
169,jsp-java servlets,1
698,international organizations,0
958,server developer location,0
352,Kachgrind,1
1740,message queuing,0
1361,acl,0
131,selected,0
1972,address,0
235,tuning,1
1880,j2ee software engineer/ developer term,0
2339,hspice,0
492,reactive security,1
2355,wireless,0
1566,delphi 6,0
1297,quality assurance engineer announcement code,0
486,6-7 years,0
1879,Feb-06,0
1474,server 2003,1
422,write,0
803,ms visualc++,1
531,deliver,0
932,workflow,0
1804,ris,0
159,current industry technologies,1
748,Basic English language skills,1
2391,data base management systems,1
2096,ajax,1
119,appropriate,0
415,korioun st.,0
503,shushan,0
23,Population projections,1
1436,united states,0
723,automatic system administration work,0
768,southtech consulting,0
769,operating office equipment,0
1245,intel pentium pcs,0
1477,cisco,1
1289,icdl,0
725,Basic communication skills,1
1004,version 7,1
144,APPLICATION DEADLINE,0
452,ICQ,1
1433,web designer/developer,0
978,web services,1
13,letters,0
1062,Postgres,1
1217,microsoft applications,1
1532,market,0
480,desired,1
1161,masters,0
882,lg-005,1
107,inc. synergy,0
2303,crystal reports,1
1869,ltd title,0
790,jni,1
728,interpret,0
365,tbd application procedures,0
1323,quickreports,0
916,Excel,1
590,italy,0
626,training classes,0
852,itdc,0
1060,organizational systems,0
716,asp/asp.net developer location,0
1781,limush printing house,0
935,verbal communications skills,0
86,netmen ltd. job title,0
793,Macromedia suite,1
735,graphic software,1
1199,thomas twining llc title,0
2445,development skills,0
310,resume,0
66,JUnit,1
930,MS Visual Basic,1
1503,oracle database,1
1420,flash action scripting programmer,0
2400,asp.net c,1
309,amd,0
998,graphic,1
1082,create,0
226,sax,1
1075,physical design automation,0
246,security processes,1
2197,asap location,0
927,law/courtroom procedures,0
718,firewall systems,1
297,design software engineer start date/ time,0
1294,baghramyan avenue,0
203,russia job description,0
1274,ms. aida ghazaryan,0
490,OS security concepts,1
694,reproductive health,0
364,EDA,1
1228,html/ php/ mysql,1
412,unix/linux system administration,1
1681,ms. ani chibukhchyan e-mail,0
1627,programming within web applications,0
1954,imsma,0
1359,proxy,0
1205,iis,0
106,travel,0
61,Participants,0
467,mx llc title,1
4,c++,1
1134,web master,0
2404,application form,0
7,networking tcp/ ip,1
380,web designer/ developer,0
1499,agricultures,0
221,basic java,1
2034,credit specialist start date/ time,0
2150,oral,0
937,mfc,1
2374,prime,0
44,DHS,1
662,windows nt/2000/xp,1
1651,vhs,0
1534,html/dhtml,1
5,Networking TCP/ IP technologies,1
67,Log4j,1
339,dc,0
414,ms. anahit sargsyan office manager synergy international systems,0
873,undp,0
1031,complemented,0
617,proficient,0
167,web developer/ programmer,1
1502,database administrator term,0
2437,graphics,0
1558,java developer term,0
1905,html programmers / english,1
576,personnel,0
38,macromedia freehand,0
2071,deputy chief,0
1260,law enforcement agencies,0
1993,makefiles,0
1755,web services specifications,0
1614,yerevan 375001,0
25,swift,1
1789,micsrosoft sql server 2000,1
211,b2b,0
1021,Apache web server,1
2153,jewelry manufacturing technical specialist location,0
65,health,0
744,Object Oriented MS Windows C++ development,1
569,usd + bonus,0
1123,he/she,0
1834,mp,0
514,accounting,0
662,maintaining,0
647,Beginners,0
1069,IBM Portal Server,1
1979,ccna,0
430,computers,0
2215,experimental llc title,0
1852,retrieval solutions,0
940,.net senior developer / architect announcement code,0
1066,IBM Web Sphere,1
1277,agreement,0
460,automatic phone station panasonic,0
2212,lg020,0
553,formal software development,0
944,java developer announcement code,0
289,data base software junior engineer start date/ time,0
686,architecture,0
2234,javaxq,0
300,General education,0
33,vital statistics data,0
568,technical education,0
2397,vb/ vba,1
587,lycos europe,0
917,it/ database specialist start date/ time,0
2252,artistic,0
421,technical documentation,1
1630,software engineers java,0
1125,accept emloyment agency,0
964,barents group llc,0
920,Net,1
1019,emerging,0
1391,software developer 2,0
386,applied mechanics,0
1140,hardware,0
1817,gis/ spatial databases/ postgis,0
2278,trade house euroset,0
104,qualified,0
1701,hylink jsc title,0
326,united arab emirates job description,0
880,TCP/IP protocol,1
6,server,0
183,organizational skills,1
709,web developer location,0
1040,Feb-05,0
671,action script,1
1637,lit consulting,0
110,bachelor,0
82,automation,1
1500,marketing assistance project,0
2204,studio max,1
926,Apache Tomcat,1
22,python,1
1512,vector,0
683,prepared work,0
989,technician/electronic hardware specialist,0
853,website content manager,0
2249,metal,0
515,inventory,1
2157,announcement title,0
2052,java development,1
2199,ethical,0
2039,credit manager,0
822,supervised,0
912,chief,0
1367,mbr,0
2106,attractive,0
981,client-side Java Script/HTML/XML,1
689,oo,1
950,vhf,0
2173,metacortex,0
905,author,0
96,ltd.,0
2255,modeling,1
2482,soft llc title,0
2335,silicon canvas laker,0
1073,Computer graphics,1
83,English language,1
1792,visiquest,0
977,web-based applications,1
1224,eurasia foundation representative office,0
1041,java senior developer/ architect announcement code,0
474,MySQL programming languages,1
1283,united kingdom,0
613,dbms,1
2079,ahtc,0
1686,national water program,0
1682,ani.chibukhchyan,0
1014,information technology,0
874,eu/tacis,0
1877,vb software developer,0
522,system integration tools,1
959,computer modeling,1
288,Ant,1
2481,ide,0
322,Web Services,1
796,software developer/ lead developer announcement code,0
2312,frisk,0
943,com-to-.net,1
2284,chemonics international inc,0
187,saryan st. 2,0
772,Administrating,0
1107,desired,0
1560,webb fontaine holding sa,0
1036,development work,0
903,examples,0
887,enhancements,0
562,large systems,0
471,related fields,1
1650,premiere pro,1
704,coordinate,0
1889,kpmg moscow office,0
1424,sql professional open to/ eligibility criteria,0
10,askell,1
2033,areximbank cjsc title,0
784,odbc,1
1254,local area network,0
1619,irex-,0
54,days,0
72,REST,1
1759,Dec-05,0
913,party,0
190,olympia group,0
1093,glandale,0
32,kdb,1
1724,solution developer/ project manager start date/ time,0
894,facility,0
357,technical literature,1
529,mozilla,0
797,case,0
307,new products,0
962,MFC,0
929,servers,0
279,JavaScript,1
1325,fastreports,0
987,technician/ electronic hardware specialist term,0
828,Labor,0
1985,unix systems admin_arm.doc,0
831,Central Bank by-laws,0
910,development alternatives,0
586,budgets,0
163,Working,0
384,allaire homesite,1
594,europe,0
615,database development,1
787,redhat rpms,1
1008,make,0
269,Resin,1
309,time,0
167,J2EE development,1
1643,television,0
303,problems,0
1896,kpmg,0
1832,repair,0
239,ms sql server 2000,1
1104,developers team leader,0
700,degree within graphics,0
1340,armex,0
411,georgian,0
1657,flash mx,1
1063,child health,0
395,machining,0
2327,arwest communications,0
747,area network administration,0
1449,c/c++ software developer announcement code,0
75,february 20th,0
385,adobe aftereffects,1
822,unicad,1
1885,discuss,0
371,umcor armenia title,0
189,PLSQL,1
1482,no.4/ adtech,0
690,mvc,1
387,Minimum,0
455,french,0
2221,apache +,1
623,UNDP,0
485,child admission procedure,0
678,unix systems,1
1003,macromedia flash mx 2004,1
9,visual basic 6,1
1214,network administrator location,0
177,mssql,1
1696,identify,0
1435,heifer international,0
34,graphic designer,0
324,Oracle9i Application Server,1
2288,chemonics,0
914,donor,0
2146,media documentary,0
508,Applied Mathematics,0
591,netherlands,0
2435,microsoft visual studio 2003/2005,1
597,loan,0
963,COM/ATL,0
1562,karapetyanner,0
45,C++,1
2166,biztalk,0
1986,application_arm .zip,0
562,servlets,1
50,jQuery,1
909,grants,0
15,Yerevan,0
1447,boomerang,0
80,cit ltd. job title,0
837,prefer,0
205,java/web,1
1179,automated administration,0
832,Database Management Systems,1
2326,database programmer,0
922,ibm,1
2000,uddi,0
2088,mvc/ struts,1
2245,products art design,0
849,.NET,1
1809,terminal services,0
1038,farm,0
1813,massachusetts,0
2042,windows 2000/windows,1
1336,senior software engineers,0
14,max MSP,1
191,Java programming language,1
87,developers position location,0
624,EU/TACIS,0
1669,caps,0
669,operation,0
1333,hr,0
1878,vba,1
1444,lg011,0
2175,programmer location,0
683,oracle database administrator location,0
883,firmplace corporation title,0
171,C++/Visual C++,1
1952,information management system,0
1234,python developers,0
503,latitute,0
825,silicon valley,0
2100,test developer location,0
2259,automated test department location,0
345,Python,1
214,design patterns,0
2180,web site application deployment,1
2154,designers,0
14,week LOCATION,0
247,performance,0
280,ic design,0
518,flash active scripring,1
376,community health care department umcor-armenia 14,0
15,#NAME?,0
651,postgresql servers,0
2045,letter,0
780,advanced html,1
715,systems components,0
339,TCL,1
925,struts,1
1827,pos terminal,0
2135,tcp/ ip,0
1875,ole,0
901,survey results,0
504,llc,0
870,pragma corporation title,0
2457,web databases,0
1763,computer science/electronic engineer,0
134,follows,0
14,diploma,0
1959,applied math,0
1282,vazgen sarkissyan,0
1456,madrid,0
243,fundamental data modeling rules,1
854,office programs,0
2116,epygi labs technical support,0
517,flash active scripting programmer location,0
403,Russian,0
621,armenia school connectivity programs,0
1352,software development manager announcement code,0
106,software developer,0
500,designer term,0
674,routers,1
2276,administrative manager,0
2369,plastic cards technical specialist,0
2086,idl,1
118,coffee breaks,0
188,Database design,1
737,core skills,1
724,shell scripts,1
420,read,0
755,office productivity applications maintenance,1
25,needed,0
215,contacted,0
897,remedy mid-tier,0
1083,reusable software components,1
459,n/a job responsibilities,0
1737,program-in-chief,0
988,mid january location,0
1265,profound,0
449,MS Office,1
1495,quicken,0
874,system development,1
735,bc,0
824,cad,1
839,db programmer term,0
942,remoting,1
400,georgia job description,0
241,XML,1
1122,graphic designer announcement code,0
197,quark,0
1063,DB2,1
1994,globalsoft,0
314,kotaik,0
1507,enterprise edition,0
1494,strategic result framework,0
1354,hardware service,0
911,website/ network administrator start date/ time,0
921,sun,1
2137,asp.net/c,1
1357,compiling,0
1571,state tax service,0
821,entities,0
2144,php developer term,0
186,nairy jivanian,0
353,PureCoverage,1
915,dai,0
1660,indesign cs,0
863,scanners,0
1455,intermediate,0
1223,visit,0
74,mid-level professionals,0
475,developer location,0
198,network,1
243,clearquest,0
851,website content manager location,0
729,sunday,0
2124,layout design engineer,0
108,starting,0
386,quarkxpress,1
259,Basic Java packages,1
483,good,0
434,technical specifications,1
24,provide,0
2492,window operating systems,1
1443,mapi,0
1266,conditions,0
284,lef,0
2189,database development specialist location,0
1518,digital design engineer,0
1229,eurasia foundation 4,0
646,software engineer / senior software engineer start date/ time,0
2149,design department,0
1465,java/php,1
287,assembly,0
2317,ceo,0
660,administering,1
457,network administrator announcement code,0
1921,christine bessalian,0
350,java web development,1
2463,mcsa,0
449,maintain,0
628,php/mysql data,1
147,job,0
1711,websoft technologies title,0
173,xhtml,1
1466,jsp/servlets/,1
305,research works,0
269,bash,1
1076,software systems,0
165,complex database systems,1
1369,tamara zakaryan,0
1018,Java Script,1
2409,sw ui,0
1432,dream viewer,1
2421,credit armenia title,0
484,SOAP,1
418,candidates,0
501,time intended audience,0
1258,project associate,0
95,apply,0
446,diagnostics methods,1
2242,industrial technologies co,0
282,Transact SQL,1
142,development,0
656,admin,0
99,COURSE OVERVIEW,0
753,intranet management,1
1171,transcript,0
2306,asp/ mssql,1
1091,iig llc,0
1573,united states agency,0
786,tomcat/jboss,1
294,Rational ClearCase,1
1687,visiquest software system,0
2464,voice ip network ltd title,0
261,J2EE,1
1585,wml,1
1152,database manager location,0
1207,server technologies,1
1011,Extended,0
557,large Web systems,1
1520,click web design llc title,0
429,boomerang software llc title,0
1862,computer sciences/ software engineering,0
1857,export,0
69,projections,0
574,supervising,0
600,hours,0
1143,foreign ministry,0
2466,info,0
1596,aptitude,0
685,arts,0
774,linux administrator/ developer term,1
1729,/sql server programmer open to/ eligibility criteria,0
691,singleton,1
126,cover,0
1281,ms access,1
394,technical manager,0
809,sef,1
986,arahet development llc title,0
1051,markets group title,0
934,scm,0
1073,c++/stl,1
1262,high-tech security solutions,0
2030,ararat,0
2118,abelyan str.,0
637,discharged,0
572,Economics,0
757,play,0
2381,impeva labs,0
742,erp,0
1802,dfs,0
206,e-mail,0
146,place,0
61,Eclipse,1
2061,emg,0
248,visio java,1
653,Radio Engineering,0
656,RF design,1
68,united states census bureau,0
176,dbs,1
358,site performance,0
1089,reading,0
622,World Bank,0
447,gained,0
581,france,0
1673,web programmer/ coder term,0
2266,lan/ wan,1
1362,main,0
1062,usaid rural reproductive health/maternal,0
789,website development,1
661,installing,0
213,rational,0
864,data base- sql,1
12,javascript,1
1259,criminal intelligence software,0
2217,servlet 2.2,1
31,scala,1
1304,institute,0
1345,male,0
348,Tools,1
657,announcement code,0
796,Macromedia Flash,0
408,Flash,1
1013,Additional Qualifications,0
1394,nairisoft,0
1166,laws,0
2143,smart units llc,0
1237,education projects piu,0
1537,lg012,0
432,translating,0
909,as400,1
86,government,0
41,data,0
381,macromedia dreamweaver,1
2074,phcr,0
396,enterprise lending programme,0
2447,web site application,0
1442,windows active directory,0
4,Server,1
3,sql,1
1025,audio,0
2418,ms sql database developer start date/ time,0
758,advanced,0
701,abg title,0
754,web site maintenance,1
126,contact CRRC,0
1301,tsql,1
1535,linux/unix platforms,1
1796,windows 9x/2000/xp,1
1355,network specialists start date/ time,0
713,dsl internet,0
189,cell,0
498,procedures,1
2485,electrical/computer engineering,0
353,java script,1
2191,database development specialist,0
75,Statisticians,1
663,bsd,0
921,ASPX,1
404,Armenian languages,0
1580,commerce,0
906,fill,0
2084,iso 9002,0
2147,design studio title,0
490,sos mothers,0
459,image/graphics,1
120,Potential candidates,0
635,woman,0
621,USAID,0
271,JBoss,1
2089,jstl,1
291,c++,1
2233,voip technologies specialist,0
1427,minimum bachelor,0
544,architect location,0
1745,integrien international yerevan branch title,0
967,coding,0
599,system,0
891,Sociology,0
373,umcor armenia,0
443,administer nt \ windows 2000,1
589,denmark,0
1578,armenia tax improvement program,0
363,Electronic Design Automation,1
2396,redinet cjsc,0
2246,art sciences,0
676,corporate unix,0
730,technical procedures,0
1027,Apache module,1
344,Jun-04,0
718,senior developer,0
911,get,0
1387,ms. anahit sargsyan office manager,0
370,domains,0
831,home site,0
496,villages,0
664,LANs,1
1056,Unix systems,1
210,acra @,0
1557,webb fontaine armenia title,0
919,Visual Studio,1
474,boston,0
721,los angeles,0
132,CRRC,0
2128,drc/ lvs,0
158,software development,0
1018,freehand,0
763,c++/c,1
2504,c++ builder,0
329,log4j,1
590,maintain,0
640,php trainer location,0
1368,nork center,0
401,painting,0
152,atmailbox @,0
2383,ood/ oop,0
452,html/xml/css/javascript,1
1286,computer driving licence,0
1506,java 2,1
953,release methodologies,0
2241,arcgis 8.x/9.x,0
793,oracle app server,1
204,skills,0
2351,senior qa engineer,0
463,progressive web design,1
1586,linux os,1
946,arwest communications corp,0
1423,esoft llc title,0
182,detail,0
813,possess,0
377,karapet ulnetsi yerevan,0
181,attention,0
162,click,0
1006,flash action scripting 2.0,1
58,analytical report,0
1661,quark express,0
2315,balasanyan design bureau title,0
1928,quickly,0
2185,solution,0
1709,junitee,1
699,graphics designer location,0
560,java programmer,0
497,practices,0
1288,international computer driving licence,0
1372,resource/ software development director location,0
1511,ibm portal server,0
2296,offshoresoft.de gmbh,0
998,Minimum Bachelor,0
296,semiconductor,0
3,c,1
1920,abelyan street,0
2337,ic circuit design engineer term,0
639,Development C/C++,1
973,Strong problem-solving,1
466,PHP,1
1544,senior .net developer,0
1159,analyse,0
771,Strong communication skills,1
2225,javascript/ php software developer start date/ time,0
867,rdbms,1
1086,hardware development,0
113,jsp/ servlets,1
843,expierence,0
1441,adsi,0
629,systems,0
2439,object oriented analysis/ design,1
2450,aua center pbx,0
1820,microsoft sql,1
596,mobile,0
1720,mcsd,0
2062,mis specialist,0
1268,project team,0
2505,personal registration,0
810,develops,1
1903,yahoo,0
536,Demonstrated,0
1350,canada,0
388,harmony,0
1038,hdlc,1
34,mongodb,1
739,draw,0
1640,marketing manager,0
26,health programs monitoring,1
995,detailed,0
625,EBRD,0
999,InterBase,1
448,applyed programming,1
654,lycos services,0
23,thanks,0
1102,zenteq.am title,0
90,Education,0
611,High degree,0
111,Classes,0
40,Oracle Flexcube,1
93,strong ooa,0
825,according,0
1066,intrahealth international,0
806,programming etc,0
2,bash,1
1130,california,0
2066,marzes,0
516,related field,0
1976,unix systems administrator,0
678,ensure,0
1680,management program attention,0
1015,Enterprise,0
1589,uae title,0
84,rosa karapetyan,0
2099,cqgi title,0
1284,northern ireland title,0
11,Caucasus Research Resource Center,1
632,Bachelor Degree,0
603,Georgian,0
918,dsl,0
1710,cactus,1
2213,kifato,0
332,network administrator term,0
2325,database programmer location,0
482,takes,0
957,system security issues,0
276,preferred,0
251,UML,1
1727,kre consulting,0
898,conducting,0
1818,agrian-armenia,0
1513,soa,0
751,database maintenance,1
71,saturday,0
1947,e-mail,0
27,wolfram language,1
1082,job,0
331,JBuilder,1
1971,voip,0
217,grasp,0
298,duty,0
2044,xerox,0
1769,p.m november 15,0
67,course overview,0
965,modelling,0
1679,swcif,0
1554,abm soft prof ltd.,0
654,Computer Engineering,0
604,number one,0
69,Version Control,1
530,internet explorer,0
335,win 2000,1
1027,software development team leader location,0
384,specialization,0
623,state,0
178,multi-task environment,1
940,either Java and/or C++,1
2318,web-application,1
2256,solid works,1
1584,holland,0
808,skills,0
899,reports,0
752,mail server management,1
287,e-z-cad,0
616,and/or network administration,0
533,C++/C,1
2361,bs/ms/phd,0
112,held,0
1017,DHTML interfaces,1
1094,c++/ c,1
1403,senior java tester,0
71,including,0
815,tigran hayrapetyan,0
666,routing,1
306,microsoft,0
402,Microsoft office Suite,1
2471,liana mikayelyan,0
1006,Active Data Objects\ADO,1
406,unit,0
2289,heating project,0
954,technical support,0
616,zenteq,0
1052,external clients/stakeholders,0
2127,cmos,0
1851,tape backup,0
1204,com/com+,1
2114,hw/ sw,0
2032,meghradzor,0
1773,art studies,0
2040,areximbank cjsc,0
1412,qa manager,0
1635,usda map,0
882,scripting tools,0
19,represent,0
328,studio.net,1
24,sml,1
312,arqell cjsc,0
2013,agriculture credit specialist location,0
1356,nat,0
204,tops bi,0
184,cv/ resume,0
244,techniques,1
493,village,0
2393,telecommunications company,0
415,problem solving/ trouble,1
1935,united nations development program,0
1742,database architect/ developer term,0
70,tuesday,0
732,market developer location,0
1629,jsps,1
545,salary,0
207,oracle9i/10g,1
249,year,0
2484,synopsys armenia title,0
253,GoF,1
1335,software engineers announcement code,0
862,jst/servlet,1
567,db-design,1
349,Purify,1
1486,handle,0
939,basic,0
714,.am,0
2398,vb/ sql,1
421,c/c++,1
1735,medium business programs developer term,0
202,moscow,0
1278,Mar-30,0
613,Applicants,0
120,inc.,0
960,gaming company,0
61,statisticians,0
1439,collaboration data objects\cdo,1
907,Grant documents,0
418,learn,0
48,fax,0
44,cvs,0
585,apache,1
543,COM,0
65,Core Java,1
340,Perl,1
305,solidworks,0
684,portfolio,0
1707,hibernate,1
382,B.S,0
1020,techno music,0
729,professional journals,0
776,Adobe Family,1
42,Demographic,0
2004,software development services,0
987,Practical knowledge/programming,1
1936,human trafficking,0
2162,india job description,0
2429,software tester term,0
1188,java/c++/php software developers start date/ time,0
131,oracle,1
1749,jakarta tomcat,0
1196,clerp,0
2094,mozilla/ firefox,0
334,Must,0
35,gd,0
865,spl,0
1955,lisa,0
302,head,0
1316,radiation safety centre cjsc title,0
2055,lg018,0
50,maximize,0
57,united nations,0
1612,officer,0
1170,social identification card,0
359,oral communication,1
107,diem allowances,0
994,Attentive,0
1778,zeitun,0
70,RESTFull,1
1490,loan approval committee,0
1376,vagarshyan str.,0
2469,core media support program chief,0
72,Armenia,0
972,lans,1
906,bachelor degree,0
507,photoshop graphic web designer location,0
1989,systems administrator_arm.doc,0
986,Java development,1
1481,dart enterprise,0
1025,thorough personality,0
564,develop,0
2277,irex europe,0
692,and/or implementing policy reforms,0
2131,spice,0
952,fcc,0
1321,delphi,1
631,ph-armenia technical manager,0
1238,cfep,0
827,eda cad,0
10,English,0
317,RMI,1
1772,art design department term,0
494,organizational,0
923,packages,0
12,procedures,0
513,Familiarity,0
1829,pos,0
499,web programmer,1
1821,cch network,0
773,Using,0
840,ms sql,1
663,troubleshooting,0
2342,iom,0
772,ez publishing,1
526,web design,1
896,graphs,0
1662,ra please,0
176,work,0
1692,karart cjsc title,0
2362,ac,0
607,lycos chat start date/ time,0
1849,fiber bus adapted storage management,0
1129,margasoft,1
1053,analyst,0
185,attn,0
0,University,0
1034,engineering,0
688,Law,0
666,lg-003,0
902,Dec-04,0
427,NT/2000/XP,1
846,assurance engineer,0
321,JNDI,1
1969,software development director start date/ time,0
1241,system experts,0
1,degree,0
59,series,0
168,JSP/ Servlets,1
393,engineering processing,1
1966,cee,0
1154,financial intelligence unit,0
1309,analyst/project developer,0
252,ejb,1
1524,apg,0
7,Visual Basic,1
1382,software developer 3,0
97,NGOs,0
420,senior programmers,0
84,required,0
1545,lg014,0
588,multi-national staff,0
1460,synopsys,0
868,accept employment agency,0
432,abelyan st. 375038,0
876,html specialist,0
423,microsoft.net,1
467,MySQL programming,1
56,u.s. census bureau,0
1925,altova stylevision,0
485,Computer Sciences,1
2174,sada systems armenian branch title,0
657,engineering,0
1973,integrate,0
1077,SOA,1
60,asia,0
612,inc. job responsibilities,0
1300,java application servers,1
697,sql server 2000,1
1230,demirchyan street,0
1190,php software developers start date/ time,0
1480,adserving,0
702,java developer duration,0
1235,distributed network,0
1909,lg016,0
1094,source,0
1914,cs/ ee,0
1689,posix,0
174,ASP/PHP,1
2057,software developer announcement code,0
1841,social insurance,0
426,Windows Server/Workstation administration,1
170,php,1
996,rdbms ms sql server,1
936,c++ senior developer announcement code,0
1339,stock exchange,0
2015,agriculture credit department manager,0
2489,vested development inc,0
2496,virage logic international,0
134,armenian,0
1338,lg008,0
324,verisoft emirates title,0
2430,mercury winrunner/qtp,0
1582,ra title,0
847,MS development tools,1
2456,synergy,0
1826,atm,0
2365,cats,0
253,jta,1
1208,technologies,0
1891,programmer/ developer,0
1850,configuration,0
1256,May-05,0
278,analysis,1
101,@,0
913,excessive oversight,0
2313,powerpoint,0
1565,software developer term,0
826,mountain view,0
320,cit ltd title,0
1790,highway 25,0
721,LANS,1
917,Internet Explorer,1
2267,unix/ linux,1
2425,usda fas,0
1719,.net developer,0
308,usd,0
425,information technology field,1
1164,banking,0
2436,pxall studio title,0
6,MS SQL,1
413,contact info,0
757,upgrade,0
472,ms sql relevant,1
45,vital statistics,0
1001,SDLC,1
2021,tester/ quality assurance engineer term,0
547,Basic English skills,1
1191,java software developers start date/ time,0
318,jsp/servlets,0
1751,jsp servlet,1
670,database systems,1
902,Available writing samples,0
2060,Apr-06,0
769,armenia branch title,0
812,typologies,0
307,suite,0
2265,irex armenia director,0
479,Academic degree,1
1087,iig llc title,0
624,bureau,0
938,implementation,0
521,dhtml application procedures,0
1440,active data objects\ado,1
2300,dwg/ autocad,0
2480,ice,0
2059,spyur,0
549,women,0
760,windows c++/c,1
256,application server,1
2443,systems ltd,0
356,free use,0
980,practical knowledge/programming,0
979,JSP/Servlets/JSF/JDBC,1
2058,borland c++ builder 6,0
177,pressure,0
1583,business platform,0
1016,macromedia flash mx,0
271,purify,0
548,Jul-20,0
69,march 9th,0
302,understand,0
121,APPLICATION PROCEDURES,0
1231,armenia ph./fax,0
1766,java server faces,1
585,operational planning,1
884,mssql 2000,0
838,and/or Windows,0
850,VB .NET,1
652,lycos test center start date/ time,0
135,Caucasus Research Resource Centers-Armenia,0
787,Strong communication,0
1090,software developer/programmer,0
2386,lg021,0
475,busy environment,0
22,url,0
403,ebrd,0
1800,dynamic host configuration protocol,0
1723,georgia,0
1058,Software Architectures,1
1618,irex/armenia,0
658,armenia start date/ time,0
66,staff,0
1415,zvardnots,0
659,linkgard,0
887,Requirements,0
2002,altacode ltd.,0
506,lycos europe title,0
1380,accusoft corporation,0
509,tool,0
546,software,0
2302,framework vb.net,1
84,vb,1
1812,"abelyan st.,375038",0
670,php/mysql,1
809,Basics,0
956,Unix systems administration,1
860,up/using peripheral computer,0
531,html web designer location,0
658,networking software,1
2282,ms exchange,1
1202,web technologies,1
2181,sql server 2000/ 2005,1
673,modems,1
292,Additional,0
481,C/C++,1
968,as/if,0
1020,standarts,0
316,aspo,0
1280,hsbc bank armenia,0
2155,technical specialists,0
165,May-04,0
2109,software engineer start date/ time,0
1655,_javascript,1
53,demographic,0
46,yerevan 375010,0
429,assembling,0
842,db2,1
1314,assurance engineer announcement code,0
198,must,0
2065,team,0
315,republic,0
199,organizes,0
2476,bscs,0
1303,highly,0
1543,vardan gspoyan,0
283,Oracle,1
642,august,0
83,vb.net,1
597,messenger,0
1835,hi tech title,0
419,b,0
1706,o/r mapping,1
1683,institutional,0
73,crrc,0
1203,microsoft technologies,1
445,SCS network technologies,1
444,systems,0
268,DOM Application servers,1
162,related tools,1
778,redhat,1
1913,oracledatabase @,1
21,processing,1
258,J2SE,1
1611,arevik petrosyan,0
1828,atms,0
1797,network environment,0
23,ruby,1
1028,dsp,0
1911,oracle database administrator,0
1659,optional,0
416,shooting,1
1079,design department software engineer,0
123,game developer specialist position location,0
744,application form.doc,0
1393,alluring application procedures,0
1438,outlook object model,1
150,organization,0
614,.net,1
1118,pm,0
579,lycos mail,0
2314,lotus notes,0
251,rmi,0
2043,vb6.0,0
598,tracking,0
2416,search engine optimization specialist announcement code,0
505,State Engineering University,0
1142,foreign ministry title,0
465,icq,0
746,cascade capital holdings,0
760,requested,0
1111,cafesjian family foundation,0
155,Bachelor,0
1937,project,0
1639,graphics designer announcement code,0
842,economics,0
40,focus,0
1591,dubai,0
2226,write javascript,0
1912,oracle 9i,1
726,interact,0
1758,workflow management,0
2111,sonics,0
885,customer support application start date/ time,0
972,Mac platforms,0
717,subsystems,1
912,done,0
587,Team building skills,0
268,c-shell,1
807,competence,0
951,ism,0
931,web-server management,0
1147,editorial,1
2025,mercury winrunner,0
752,web-programs,1
109,March,0
1691,accusoft corp.,0
1220,microsoft c,1
440,French,0
1010,Windows Active Directory,1
301,design engineer,0
350,Valgrind,1
2347,nelly sedrakyan,0
1331,oracle developer,0
160,Java,1
1225,information technology officer start date/ time,0
28,application procedures,0
404,unit manager,0
57,outline,0
81,coded-ui,1
539,high quality software products,1
2490,desired qua,0
495,sos children,0
1515,gallery systems cjsc title,0
2029,ararat gold recovery company title,0
91,xml,1
16,Armenia DESCRIPTION,0
981,dbc_sse_0001 location,0
1428,heifer armenia title,0
937,equivalent University degree,0
113,Tuesday,0
1347,software engineer announcement code,0
835,MS Windows C++ development,1
201,tops bi title,0
1919,frontpage,0
222,jdbc,1
1739,server-client,0
812,htm/html,1
1408,food processing company,0
1315,pc,0
677,details,0
1081,implement,0
1360,squid,0
1158,aml/cft,1
580,uk,0
798,equivalent degree,0
749,software development methodology,1
607,MS Excel,1
21,career center,0
2051,soclass,0
1688,analytical,0
2262,dialup,0
741,gpa,0
2136,xml apis,1
2349,java developer start date/ time,0
554,mic word,0
522,javascript programmer location,0
472,3-5 years,0
5,c#,1
2304,united factors group llc,0
1858,schemas,0
2406,unix systems administrator usa/06,0
453,application,1
257,portal,0
794,publishing tools,0
2275,arevik ashkharoyan,0
1033,gps,0
1632,orm,1
699,donors,0
2359,quality assurance engineer location,0
2407,qt,0
858,Internet access administration,1
2477,rfid,0
233,orion,1
897,charts,0
1990,database/ software architect term,0
2402,nis,0
984,practice,0
1779,andranik grigoryan,0
959,VC++,1
2297,software developer/ programmer,0
908,obtain,0
1559,webb fontaine armenia,0
1505,java professionals,0
1407,senior j2ee core developer,0
541,advanced java developer location,0
315,JFC,1
86,R,1
256,ER-diagrams,1
510,C,1
1011,fill,0
995,client-server,1
857,e-mail server administration,1
1853,system performance,0
391,SolidWorks,1
1264,wan/lan,1
1901,xml/ rss,1
599,dating,0
1975,systems administrator announcement code,0
2329,microsoft window,0
431,spare parts,0
595,email,0
242,VBScript,1
200,maintenance,1
229,SQL design,1
2104,vagarshyan str,0
440,information,0
1892,asp.net 2.0,1
546,Strong problem-solving skills,1
308,plan,0
89,jsp,1
756,Corel Dra,1
1090,listening,0
1774,hardware repair specialist/ electrician open to/ eligibility criteria,0
100,taught,0
872,mathematics,1
468,java/c++ programmer location,1
446,backup,0
747,delivered,0
88,java,1
1842,web developer open to/ eligibility criteria,0
1574,international development,0
644,invest,0
489,sos mother coordinator,0
478,MySQL,1
2308,deluxe technologies,0
1496,teryan st.,0
78,demographic survey data,1
345,duration,0
1472,system administrators/ software engineers start date/ time,0
313,ER-Win,1
719,vs.net,1
154,perl,1
17,yerevan,0
1151,central bank,0
32,graphic designer position location,0
1653,cd-rom,0
1093,client/server internet systems,1
610,MS Outlook Express,1
79,day-to-day work,0
2101,testing tools,0
2076,graph,0
681,Photo Shop,1
155,ruby,1
217,interview,0
677,deep,0
487,equivalent combination,0
1385,jsp/servlets/jsf/jdbc,1
837,lycos hosting,0
487,national director,0
953,etsi,0
1787,visual basic 6.0,1
1461,synopsys armenia cjsc,0
719,system Security issues,0
1070,aharonyan st.,0
327,ms sql server,1
1872,delphi 7,0
1536,google,0
1422,software developer c++/c,0
479,ltd,0
313,argel,0
850,itdc title,0
1399,java developers,0
620,web developer start date/ time,0
1272,p. adamyan,0
871,usaid,0
36,ISO,1
1381,inc./armenia title,0
1964,expertise along specific law-enforcement aspects,0
2486,qt 4.x,0
275,user,0
1646,ntsc,0
397,selp,0
1459,ic,1
770,similar position preferable,0
2168,intesys group,0
591,positive relationships,0
424,business programming,1
881,network security,0
2238,database management specialist location,0
2090,armen high tech company,0
1411,merdzavan,0
1343,competitive,0
138,58-14-50 Please,0
1762,software qa engineer term,0
611,renderx,0
214,short-listed candidates,0
222,defined,0
419,new technologies,1
846,Exact worker,0
267,SAX,1
950,either C/C++ and/or Java,1
801,intended audience,0
1722,tbilisi,0
1625,minimum 3,0
2372,cascade bank,0
128,e-mail tocrrc @,0
1883,struts framework,0
2158,group company,0
952,tools,0
2353,learn,0
816,AML/CFT,0
2211,smart systems llc,0
453,master,0
52,JavaScript,1
1592,uae job description,0
515,freehand graphical designer location,0
2019,teryan str,0
2167,intesys csjc,0
750,preferable UML,0
235,dhtml,1
1658,adobe photoshop cs,1
1389,software developer 1,0
1099,p0501 location,0
80,codedui,1
1602,hdl,0
1218,vb .net,1
886,technical English language,0
1437,sdlc,1
1131,foreign minstry title,0
323,rosak @,0
1012,undo,0
1866,pc/ lan,0
202,REMUNERATION,0
871,applied,0
501,accomplish goals,0
2031,zod,0
172,VB,1
833,documentary film,0
2224,smart tech llc title,0
190,software application development,1
829,Criminal Codes,0
1675,html/css/javscript,1
1844,nalbandyan 13,0
414,research service enhancements,1
849,detail/ accuracy,1
218,PM,0
260,JDBC,1
962,assembly,0
2488,icwb,0
43,/,0
229,tomcat,1
707,state engineering university,0
260,oracle lite,1
246,+,0
1517,analog,0
13,Demographic Analysis Workshop DURATION,0
68,estimates,0
2399,rn001,0
1120,html/css/javascript coders location,0
1344,female,0
910,Operates,0
681,armentel jv cjsc,0
1067,Portal Servers,0
318,EJB,1
2001,sql 2005,1
2431,rational visual test/robot,0
1054,Quicken,0
151,internet,1
877,stylesheet,0
985,communicate,0
504,Relevant university degree Yerevan State University,0
2295,offshoresoft.de gmbh title,0
858,ms outlook express,1
710,xml/xsl,1
1522,apg armenia title,0
76,caucasus research resource centers-armenia 52,0
2243,industrial/ graphic designer start date/ time,0
234,performance optimization,1
1232,broncoway llc title,0
1128,ms visual studio,1
133,plsql,1
1836,abovyan,0
1888,java script/ html/ xml,1
609,MS Front Page,1
431,programmer,0
927,burlington,0
125,game development,0
1298,quality assurance engineers,0
1021,techno,0
734,graphic design,1
2110,gui,0
42,essential,0
2379,mobile ce,0
1734,fadf,0
77,official census,1
1473,system,0
2263,netsys jv llc,0
511,Fresh graduates,0
425,contact,0
179,motivated,0
704,servlet,1
18,html,1
123,meet,0
1712,php programmer duration,0
2091,kimbara entertainment software company title,0
2364,senior tester,0
2222,jakarta/ tomcat,0
2230,pixel ltd title,0
1556,Sep-05,0
367,IC Design,1
436,analytical skills,1
1886,uneversity,0
2003,web applications development,1
132,database,1
492,sos,0
1704,j2ee/ ejb,1
194,web,1
978,coral draw,1
708,Oct-04,0
823,Laws,0
259,oracle 8i/9i,1
435,boston usa,0
957,cv/resume,0
967,systems administrator location,0
579,analysis,0
675,training skills,0
1741,globalsoft cjsc title,0
2102,testing tool,0
178,access,1
1105,cch,0
266,XSL,1
56,ASP.Net,1
347,Automation,1
357,wsdl,1
47,armenia,0
684,define,0
1698,turbo cad,0
306,master,0
62,demographers,0
880,trainer,0
257,Rational Rose,1
717,inc. armenian office,0
1048,innovative ideas,0
971,advanced server,0
2338,cmos ic,0
237,DTS,1
1049,gevork grigorian,0
2348,rur,0
464,Corel Draw,1
2448,database skills,0
36,job responsibilities,0
645,tasks,0
2495,microsoft windows mobile,0
332,Forte,1
2151,mariam fainberg,0
519,high,0
314,Visio Java,1
598,chat,0
476,technology,1
463,ms office 2000,1
593,russia,0
409,communication/organizational,0
1000,january/ february duration,0
211,send,0
263,Java Servlets,1
1488,cards credit manager,0
603,lycos communities multinational,0
947,sr. rf design engineer term,0
1054,ministry,0
1676,pa government services inc,0
1987,application_eng.zip,0
1239,systems experts term,0
2330,communications corporation,0
191,inc,0
3,Windows,1
1747,developers,0
628,UNIX,1
43,FIS Profile,1
680,Coral Draw,1
70,Western Asia,0
57,SQL Server 2005,1
797,developer c++ term,1
2499,web developer/ designer term,0
337,exchange,0
2156,cad/ cam,0
763,OOA/OOD,1
458,open to/ eligibility criteria,0
886,change requests,0
1028,Linux environments,1
1807,isa,0
534,Object-oriented development,1
2009,gif,0
2210,systems llc,0
12,Armenia TITLE,0
679,solaris,1
867,websites,0
1029,high load systems,0
993,Strong logic,1
346,etc,1
567,prototypes,0
228,credit obligations,0
1101,web programmer announcement code,0
980,software engineer,0
465,Adobe Photoshop,1
928,Microsoft,0
349,java web applications required qualifications,0
538,dba,1
1313,spss,1
2122,win xp,1
632,Aug-08,0
1184,Apr-05,0
2281,serve,1
35,demographic estimates,0
406,Photoshop,1
1452,artificial intelligent,1
606,lycos communities,0
1881,jakarta tomcat servlet container,1
596,office applications,1
331,emv application procedures,0
2444,php programmer term,1
212,Komitas,0
866,protect,0
685,os,1
47,ASP.Net,1
127,marine,0
1939,Mar-06,0
2218,my-sql,1
836,lycos hosting start date/ time,0
1405,j2ee core developer term,0
43,Health Survey,0
1641,marketing department,0
819,software engineers location,0
2472,administrative assistant,0
1839,directx,1
869,Microsoft Certified Professional status,0
25,Jan-04,0
1982,tk,0
1445,programmers start date/ time,0
970,algorithms development,1
2260,netsys jv llc title,0
1468,aram.tovmasyan,0
455,perform,0
1970,cqgs,0
703,reproductive health and/or family medicine practices,0
830,active script,0
899,surveys,0
524,document.object.model,1
208,ibm websphere,0
2340,international organization,0
2503,macromedia flash actionscript,1
528,Armenian Software,0
881,networking,1
1071,physical design department announcement code,0
367,web programmer term,0
758,university,0
965,commercial law,0
1561,switzerland,0
1084,timely fashion,0
381,educational waivers,0
919,microsoft office pro,1
780,web programming,1
2261,support engineer announcement code,0
456,co,0
1760,damaris,0
1645,pal,0
41,Fiserv,1
42,TCS BaNcs,1
651,website administration,1
484,concepts,0
175,javascript/vbscripts,1
637,ascp,1
519,platforms,0
924,ood,0
1091,comprehension,0
2292,database developer start date/ time,0
2203,gif/ flash banners,1
923,edms,1
1149,pearl,1
1479,teghekagir,0
1386,java script/html/xml,1
219,rational rose,1
2184,integration services,0
2385,/ c++,1
2311,audit manager,0
1631,java scripts,1
548,improve,0
1746,software developer open to/ eligibility criteria,0
2363,anahit krishchyanakrishch,0
838,card,0
281,PL/SQL,1
33,jquery,1
129,position location,0
834,c++ developer start date/ time,0
2081,ahtcs r,0
762,Nov-04,0
2352,senior qa,0
595,Computer literacy,0
775,job description,0
961,OOP,1
1201,short,0
889,clarify,0
1227,sybase asa,0
388,designing,0
1162,aml/cft2,1
192,computer graphic designer location,0
1215,network administrator,0
975,standalone applications,0
1088,software developer/programmer term,0
451,nt/2000/xp,1
2380,java location,0
1348,time start date/ time,0
1767,spring,1
2108,armenian branch title,0
31,llc job title,0
2192,street,0
2236,d-link,0
1943,team leader,0
836,include,0
1033,credits,0
726,wrc,0
983,c++ / stl,1
30,Feb-04,0
2440,/.net,1
1175,form,0
1074,Vector mathematics,1
1156,anti-money laundering,0
241,ant,0
1915,c/ c++,1
1728,vb.net/c,1
2371,plastic cards manager,0
985,technical english,1
445,develop,0
551,website moderator term,0
185,demonstrate,0
1137,adobe family,1
928,american,0
1037,bootp,0
1617,irex armenia,0
1050,maridansoft,0
582,germany,0
2424,universal credit company,0
916,washington,0
85,abelyan,0
137,january,0
1016,JSP/Servlets/,1
1674,programmer/ coder,0
137,Website,0
2247,industrial/ graphic art design,0
770,vb.net,1
321,microsoft visual studio.net,0
480,sos cv armenia title,0
1310,grant,0
2123,layout design engineer term,0
517,Unix,1
338,Scripting,1
589,establish,0
835,php developer,0
145,olap,1
1050,team- building,0
2037,mher mkrtchyan,0
286,unicad cjsc,0
53,based,0
507,Team worker,1
1894,ms sql server 7.0,1
220,j2se,1
779,web design tools,1
642,tomcat,1
1725,.net solution developer/ project manager,0
238,oracle 8i,1
2077,computational,0
516,chat/flirt/games community,0
312,free reading,0
1871,computer programmer,0
2478,architect,1
1113,web graphic designers,0
2195,Sep-08,0
336,CS/EE,0
457,Object Oriented programming,1
2056,spyur information centre co.ltd title,0
372,graphic designer location,0
405,batumi branch,0
1489,cards credit department,0
55,Jquery,1
179,proxies,0
652,Master,0
98,demography,0
745,cascade capital holdings cjsc title,0
640,AS400,0
273,IBM WebSphere,1
618,projects,0
512,Willingness,0
219,COMPANY,0
1337,borland integrated development environment,0
139,inc. job title,0
2403,systems administrator sa/06,0
2494,smartphones,0
1493,cards,0
1139,macromedia family,1
1370,k telecom cjsc title,0
679,smooth operation,0
316,Swing,1
498,llc title,0
147,Apr-04,0
1079,Abstract thinking,0
1633,afc,0
2305,deluxe technologies title,0
1419,koan technologies,0
1521,Aug-05,0
2356,wifi,0
383,Mechanical Engineering,0
442,support,0
2473,inc. synergys,0
2083,assign,0
254,Sun J2EE Patterns,1
1870,computer programmer announcement code,0
424,JSP/Servlets,1
841,Windows XP installation,0
2452,synergys support team,0
433,yerevan armenia,0
2442,lg023,0
751,creating,0
2007,graphics designer term,0
753,Dedicated,0
1086,Mar-05,0
2186,virtual solution,0
695,web developer term,0
2319,html/ css/ javascript,1
1026,existing,0
1133,foreign affairs,0
2117,sw,0
559,coreldraw,0
294,vlsi,0
1644,movies,0
1291,"amd 170,000",0
900,analyzing,0
458,C++,1
290,skills/knowledge,0
1334,inecobank,0
672,configuring,0
1406,j2ee/ejb,1
1983,incomplete,0
400,plating,0
1261,on-line,0
207,intent,0
16,isakov avenue,0
1754,level3,0
311,conduct,0
2378,j2me,1
1319,avc,1
518,operating,1
18,population projection,1
1550,abs,0
2382,j2ee web applications,1
2235,ata,0
2120,aua,0
374,GDSII,1
759,office,0
28,xquery,1
1097,object oriented ms windows c++,1
773,runsign title,0
1279,government,0
833,object,0
1458,software engineer term,0
1311,word,0
1753,xml dom level2,0
1887,information technologies,0
231,oracle9i application server,1
1183,ms windows c++,1
2501,graphical design,1
2018,agriculture/ finance,0
299,compulsion,0
1398,belgium,0
141,learned,0
1715,Nov-05,0
1491,sme,0
783,structures,0
1375,cs,0
688,xp,1
410,Macromedia Dreamweaver,1
362,General programming,1
171,cgi,1
136,yerevan 375033,0
1392,software developers term,0
1358,remote,0
1672,fardesign title,0
483,Quick,0
687,creating,0
785,ssh,1
2239,gis specialist,0
153,Information Technology,0
236,database architecture,1
375,counter-trafficking,0
1684,regulatory strengthening,0
1430,heifer armenia,0
199,software setup,1
2232,pixel ltd,0
434,boomerang software,0
374,umcor,0
378,responsibilities,0
2202,publishing,0
799,Engineering,0
1697,archie cad,0
1253,crs,0
583,managerial skills,1
1127,ooa/ood,0
1615,international research,0
664,dlt,0
743,deadlines,0
2105,journal,0
101,consecutive translation,0
582,Strong leadership,1
1390,ms. anahit sargsyan office manager tel,0
408,loan,0
460,file formats,1
1613,sayat nova,0
20,css,1
317,software project outsource,0
1088,English language skills,0
366,odyssee productions title,0
605,Office Programs,1
2205,maya,1
2479,rtos,0
749,antivirus maintenance,1
114,Saturday,0
360,Candidate,0
2316,content management system,0
943,source control,0
710,Operating,0
280,Databases,1
527,content management tools,1
27,evaluation,1
1830,virage logic title,0
512,additionally lycos armenia,0
78,ISMS,1
861,java-2,1
110,finishing,0
1077,physical design department,0
814,portfolio upon submission,0
1150,php programmer location,1
875,server technology,1
2070,cc,0
60,JBoss ESB,1
989,.NET framework programming,1
267,tcl,1
330,desirable Oracle JDeveloper,1
1956,web site,0
1371,systems administrator term,0
1519,gallery systems,0
1212,webserver,0
768,.NET framework,1
45,nalbandyan str.,0
226,payment patterns,0
278,CSS,1
72,friday,0
1024,Eclipse,1
1884,senior executive,0
583,sweden,0
2119,american university,0
932,Team,0
762,basic concepts,0
122,feel,0
818,Financial Laws,0
2468,title,0
946,MSc,0
97,ameria cjsc job title,0
764,object-oriented,1
1999,framework,0
1136,ms windows 9x/2000/xp,1
870,software engineering,1
1015,webpages,0
876,WAN/LAN setup,1
1047,extensive travel,0
250,Modeling,1
1814,Jan-06,0
1132,web master term,0
878,adobe illustrat.,0
918,SPSS,1
2343,it/ database manager term,0
1721,altysoft ltd.,0
273,kachgrind,0
1378,vc++,1
1397,brussels,0
1634,credit department,0
1005,Collaboration Data Objects\CDO,1
554,processes,0
860,time,0
1409,jv llc title,0
732,procedure manuals,0
1013,graphics web designer start date/ time,0
153,c,1
427,post,0
263,unicad cjsc title,0
813,cases,0
1306,integrity,0
233,indexes,1
765,MS Visual Studio environment,1
532,send,0
643,Independent,0
1581,industry,0
756,hardware maintenance,1
114,c++/visual c++,1
1776,ups,0
733,technical,0
2085,cmmi,1
77,abovyan street rooms 305,0
469,spoken,0
1984,language,0
195,applications,1
1029,snmp,0
1057,Several years,0
819,regulating,0
1716,altysoft ltd title,0
979,photo shop,1
2446,apache web server,1
365,Physical Design Analysis,1
1695,tavoush,0
1744,globalsoft cjsc,0
24,application deadline,0
1991,database/ software architect,0
1180,internet systems,0
689,Business Administration,0
807,capacity,0
1469,Jul-05,0
790,cross-browser coding requirements,0
102,Mar-04,0
156,Master's Degree,0
390,complete machinery,0
1001,flash action,0
2511,tbilisyan highway,0
892,Skilled,0
286,development,0
249,jfc,1
577,strategic management,1
2301,united factors group llc title,0
2299,acrobat reader,1
1595,build,0
1141,urls,0
633,application,0
2279,it/,0
128,acra credit bureau job title,0
1953,mine action,0
540,market,0
281,design,0
47,given,0
232,many hotfixes,1
1119,web coder open to/ eligibility criteria,0
754,responsible person,0
444,WAN,1
192,client/server applications,1
1575,grant thornton amyot,0
2298,analyze software application code,0
731,business correspondence,0
2063,e,0
282,yield,0
834,oriented,0
391,php/my sql,1
2008,graphics designer,0
964,full project lifecycle,1
395,project harmony armenian,0
193,and/or,0
701,relate,0
1863,synopsys international ltd. additional,0
476,cit,0
1446,armenia please,0
377,increasing,0
16,perl,1
2194,pa government services,0
1761,career center ngo title,0
1890,programmer/ developer term,0
2020,development llc title,0
1608,unix/linux servers,0
1782,nork marash medical center,0
696,health financing,0
80,make,0
196,running,0
1401,ear,0
2005,sql server term,0
1777,k. ulnetsi,0
1794,system/network administrator,0
29,sql,1
1061,marina vardanyan,0
461,scs,0
2451,ms windows 9x/2k/xp,1
1002,flash action scripting,1
1060,J,0
19,xml,1
942,development methodologies,0
1895,xml/ xslt,1
791,HTML/XHTML,1
1078,pd_se_0001 location,0
55,devoted,0
1236,broncoway llc,0
347,java web applications,0
87,academic institutions,0
841,informix,1
1541,ms visual basic 6.0,1
2454,synergys,0
537,record,0
11,company,0
667,Proxy/Firewall technology,1
60,reports,0
2290,vs 2005,1
1198,resumes,0
1056,moh,0
851,Linux/UNIX,1
802,date/ time,0
1007,macromedia director,0
540,preferred qualifications,0
1295,yerevan e-mail,0
638,state bureau,0
691,government structures,0
895,numbers,0
244,rational clearcase,0
1514,complex html gui,0
1030,technologyies,0
806,finance,0
1041,financing,0
145,January,0
1034,micro-credits,0
8,ms sql 2000,1
731,cola hellenic bottling company armenia title,0
2208,portfolio,0
1927,enerpac,0
76,sharepoint,1
926,jrun,0
2500,web programming,1
135,komitas 8/33,0
439,field,0
209,microsoft .net,1
890,Statistics,0
71,network technologies,1
54,Silverlight,1
848,Microsoft C,1
1302,ado,1
385,machine design,0
2388,msn,0
1324,ravereports,0
1528,ip addresses,0
948,Software development,1
1931,mining,0
293,Rational ClearQuest,1
601,java/c++,1
59,international programs center,0
2287,analyze,0
1342,ms visual basic,1
575,lycos armenia cjsc title,0
224,jaxp,1
1153,database manager,1
545,sockets,0
2467,voice ip net,0
2048,family foundation,0
643,lycos billing platform start date/ time,0
1064,Application Servers,1
163,web design title,0
1775,high technical institutions,0
2023,tester/ quality assurance engineer,0
240,OLAP,1
410,ms office,1
563,.Net,1
1974,telasco,0
1233,developers term,0
602,lycos communities start date/ time,0
1483,june/ july duration,0
1332,java developer,0
1112,outsourcing armenia,0
413,troubleshoot,1
2,armenia job responsibilities,0
64,education,0
845,Mac,0
105,inc./armenia,0
265,JAXP,1
530,confidential issues,0
360,db administration,1
1046,xml/xslt,1
799,ms visual++,1
356,services,0
245,database schema,1
955,radio engineering,0
1563,experimental,0
28,strengthen,1
343,java developers start date/ time,0
550,rights center title,0
1055,marz,0
2223,experimental llc,0
252,Design Patterns,1
2428,metakortex cjsc,0
1005,flash action scripting 1.0,1
398,microlending unit manager location,0
1967,cis,0
1144,senior web developer,0
1464,java/php developer start date/ time,0
2270,irex mailing lists,0
99,strong,0
228,resin,1
538,delivering,0
2038,credit manager start date/ time,0
1510,jsr168,0
974,server/pc,1
1649,illustrator cs,1
1962,mssql server,1
609,software developer intended audience,0
358,written,0
968,group,0
1267,requirements,0
1353,nork information-analytical center title,0
270,t-shell,1
1671,programs,0
300,design engineer location,0
1257,project coordinator,0
203,depends,0
33,armenia job description,0
2410,bs/ ms,1
2438,lg023 start date/ time,0
2389,h323,0
187,Oracle database,1
523,Office productivity tools,1
11,java,1
1022,developer/ administrator,0
1299,sybase,1
